[1777323466.608][INFO]: Starting ChromeDriver 147.0.7727.57 (b4f28b5637d02137aa7f80eb8d589b0c005c3426-refs/branch-heads/7727_49@{#7}) on port 61370
[1777323466.609][INFO]: Please see https://chromedriver.chromium.org/security-considerations for suggestions on keeping ChromeDriver safe.
[1777323466.614][INFO]: ChromeDriver was started successfully on port 61370
[1777323466.630][INFO]: [10cb6805956efcc7b7f40074bba5cd3b] COMMAND InitSession {
   "capabilities": {
      "alwaysMatch": {
         "browserName": "chrome",
         "goog:chromeOptions": {
            "args": [ "--disable-gpu", "--disable-extensions", "--no-sandbox", "--window-size=1280,900", "--headless=chrome" ]
         }
      },
      "firstMatch": [ {
      } ]
   }
}
[1777323466.630][INFO]: Browser search. Trying... C:\Users\misha\Documents\GitHub\telegram_wish_mini_app\frontend\node_modules\chromedriver\lib\chromedriver\chrome.exe
[1777323466.630][INFO]: Browser search. Trying... C:\Users\misha\Documents\GitHub\telegram_wish_mini_app\frontend\node_modules\chromedriver\lib\chromedriver\chrome.exe
[1777323466.630][INFO]: Browser search. Trying... C:\Users\misha\Documents\GitHub\telegram_wish_mini_app\frontend\node_modules\chromedriver\lib\chromedriver\chromium.exe
[1777323466.631][INFO]: Browser search. Trying... C:\Users\misha\AppData\Local\Google\Chrome\Application\chrome.exe
[1777323466.632][INFO]: Browser search. Trying... C:\Program Files\Google\Chrome\Application\chrome.exe
[1777323466.632][INFO]: Browser search. Found at  C:\Program Files\Google\Chrome\Application\chrome.exe
[1777323466.632][INFO]: Populating Preferences file: {
   "alternate_error_pages": {
      "enabled": false
   },
   "autofill": {
      "enabled": false
   },
   "browser": {
      "check_default_browser": false
   },
   "distribution": {
      "import_bookmarks": false,
      "import_history": false,
      "import_search_engine": false,
      "make_chrome_default_for_user": false,
      "skip_first_run_ui": true
   },
   "dns_prefetching": {
      "enabled": false
   },
   "profile": {
      "content_settings": {
         "pattern_pairs": {
            "https://*,*": {
               "media-stream": {
                  "audio": "Default",
                  "video": "Default"
               }
            }
         }
      },
      "default_content_setting_values": {
         "geolocation": 1
      },
      "default_content_settings": {
         "geolocation": 1,
         "mouselock": 1,
         "notifications": 1,
         "popups": 1,
         "ppapi-broker": 1
      },
      "password_manager_enabled": false
   },
   "safebrowsing": {
      "enabled": false
   },
   "search": {
      "suggest_enabled": false
   },
   "translate": {
      "enabled": false
   }
}
[1777323466.633][INFO]: Populating Local State file: {
   "background_mode": {
      "enabled": false
   },
   "ssl": {
      "rev_checking": {
         "enabled": false
      }
   }
}
[1777323466.633][INFO]: ChromeDriver supports communication with Chrome via pipes. This is more reliable and more secure.
[1777323466.633][INFO]: Use the --remote-debugging-pipe Chrome switch instead of the default --remote-debugging-port to enable this communication mode.
[1777323466.634][INFO]: Launching chrome: "C:\Program Files\Google\Chrome\Application\chrome.exe" --allow-pre-commit-input --disable-background-networking --disable-background-timer-throttling --disable-backgrounding-occluded-windows --disable-client-side-phishing-detection --disable-default-apps --disable-extensions --disable-features=IgnoreDuplicateNavs,Prewarm --disable-gpu --disable-hang-monitor --disable-popup-blocking --disable-prompt-on-repost --disable-sync --enable-automation --enable-logging --headless=chrome --log-level=0 --no-first-run --no-sandbox --no-service-autorun --password-store=basic --remote-debugging-port=0 --test-type=webdriver --use-mock-keychain --user-data-dir="C:\Users\misha\AppData\Local\Temp\scoped_dir18896_814904415" --window-size=1280,900 data:,
[1777323467.099][INFO]: resolved localhost to ["::1","127.0.0.1"]
[1777323467.121][INFO]: [10cb6805956efcc7b7f40074bba5cd3b] RESPONSE InitSession {
   "capabilities": {
      "acceptInsecureCerts": false,
      "browserName": "chrome",
      "browserVersion": "147.0.7727.102",
      "chrome": {
         "chromedriverVersion": "147.0.7727.57 (b4f28b5637d02137aa7f80eb8d589b0c005c3426-refs/branch-heads/7727_49@{#7})",
         "userDataDir": "C:\\Users\\misha\\AppData\\Local\\Temp\\scoped_dir18896_814904415"
      },
      "fedcm:accounts": true,
      "goog:chromeOptions": {
         "debuggerAddress": "localhost:61374"
      },
      "goog:processID": 22700,
      "networkConnectionEnabled": false,
      "pageLoadStrategy": "normal",
      "platformName": "windows",
      "proxy": {
      },
      "setWindowRect": true,
      "strictFileInteractability": false,
      "timeouts": {
         "implicit": 0,
         "pageLoad": 300000,
         "script": 30000
      },
      "unhandledPromptBehavior": "dismiss and notify",
      "webauthn:extension:credBlob": true,
      "webauthn:extension:largeBlob": true,
      "webauthn:extension:minPinLength": true,
      "webauthn:extension:prf": true,
      "~~~": "..."
   },
   "sessionId": "10cb6805956efcc7b7f40074bba5cd3b"
}
[1777323467.124][INFO]: [10cb6805956efcc7b7f40074bba5cd3b] COMMAND Navigate {
   "url": "http://127.0.0.1:61312/?e2e=1&e2eScreen=main"
}
[1777323467.124][INFO]: Waiting for pending navigations...
[1777323467.128][INFO]: Done waiting for pending navigations. Status: ok
[1777323467.143][INFO]: Waiting for pending navigations...
[1777323468.769][INFO]: Done waiting for pending navigations. Status: ok
[1777323468.769][INFO]: [10cb6805956efcc7b7f40074bba5cd3b] RESPONSE Navigate
[1777323468.772][INFO]: [10cb6805956efcc7b7f40074bba5cd3b] COMMAND FindElements {
   "using": "xpath",
   "value": "//*[self::button or self::a or self::label or @role='button'][contains(normalize-space(.), 'Желания') or contains(normalize-space(.), 'Ваши желания')]"
}
[1777323468.772][INFO]: Waiting for pending navigations...
[1777323468.775][INFO]: Done waiting for pending navigations. Status: ok
[1777323468.786][INFO]: Waiting for pending navigations...
[1777323468.793][INFO]: Done waiting for pending navigations. Status: ok
[1777323468.793][INFO]: [10cb6805956efcc7b7f40074bba5cd3b] RESPONSE FindElements [ {
   "element-6066-11e4-a52e-4f735466cecf": "f.F65CE7C7B916152EF8D57C4DDC0456A2.d.E4AC9EA99E220920DD5CAD9973350B9C.e.15"
} ]
[1777323468.794][INFO]: [10cb6805956efcc7b7f40074bba5cd3b] COMMAND FindElements {
   "using": "xpath",
   "value": "//*[self::button or self::a or self::label or @role='button'][contains(normalize-space(.), 'Желания') or contains(normalize-space(.), 'Ваши желания')]"
}
[1777323468.794][INFO]: Waiting for pending navigations...
[1777323468.795][INFO]: Done waiting for pending navigations. Status: ok
[1777323468.800][INFO]: Waiting for pending navigations...
[1777323468.801][INFO]: Done waiting for pending navigations. Status: ok
[1777323468.801][INFO]: [10cb6805956efcc7b7f40074bba5cd3b] RESPONSE FindElements [ {
   "element-6066-11e4-a52e-4f735466cecf": "f.F65CE7C7B916152EF8D57C4DDC0456A2.d.E4AC9EA99E220920DD5CAD9973350B9C.e.15"
} ]
[1777323468.802][INFO]: [10cb6805956efcc7b7f40074bba5cd3b] COMMAND ExecuteScript {
   "args": [ {
      "ELEMENT": "f.F65CE7C7B916152EF8D57C4DDC0456A2.d.E4AC9EA99E220920DD5CAD9973350B9C.e.15",
      "element-6066-11e4-a52e-4f735466cecf": "f.F65CE7C7B916152EF8D57C4DDC0456A2.d.E4AC9EA99E220920DD5CAD9973350B9C.e.15"
   } ],
   "script": "/* isDisplayed */return (function(){return (function(){/*\n\n Copyright The Closure Library Authors.\n Copyright The Closure Compiler Authors.\n SPDX-License-Identifier: Apache-2.0\n*/\nvar aa=aa||{},g=this||self;/*\n\n Copyright The Closure Library Authors.\n SPDX-License-Identifier: Apache-2.0\n*/\nvar ca=Array.prototype.indexOf?function(a,b){return Array.prototype.indexOf.call(a,b,void 0)}:function(a,b){if(typeof a===\"string\")return typeof b!==\"string\"||b.length!=1?-1:a.indexOf(b,0);for(var c=0;c\u003Ca.length;c++)if(c in a&&a[c]===b)return c;return-1},da=Array.prototype.some?function(a,b){return Array.prototype.some.call(a,b,void 0)}:function(a,b){for(var c=a.length,e=typeof a===\"string\"?a.split(\"\"):a,d=0;d\u003Cc;d++)if(d in e&&b.call(void 0,e[d],d,a))return!0;return!1},ea=Array.prototype.every?function(a,\nb){return Array.prototype.every.call(a,b,void 0)}:function(a,b){for(var c=a.length,e=typeof a===\"string\"?a.split(\"\"):a,d=0;d\u003Cc;d++)if(d in e&&!b.call(void 0,e[d],d,a))return!1;return!0};var fa={aliceblue:\"#f0f8ff\",antiquewhite:\"#faebd7\",aqua:\"#00ffff\",aquamarine:\"#7fffd4\",azure:\"#f0ffff\",beige:\"#f5f5dc\",bisque:\"#ffe4c4\",black:\"#000000\",blanchedalmond:\"#ffebcd\",blue:\"#0000ff\",blueviolet:\"#8a2be2\",brown:\"#a52a2a\",burlywood:\"#deb887\",cadetblue:\"#5f9ea0\",chartreuse:\"#7fff00\",chocolate:\"#d2691e\",coral:\"#ff7f50\",cornflowerblue:\"#6495ed\",cornsilk:\"#fff8dc\",crimson:\"#dc143c\",cyan:\"#00ffff\",darkblue:\"#00008b\",darkcyan:\"#008b8b\",darkgoldenrod:\"#b8860b\",darkgray:\"#a9a9a9\",darkgreen:\"#006400\",\ndarkgrey:\"#a9a9a9\",darkkhaki:\"#bdb76b\",darkmagenta:\"#8b008b\",darkolivegreen:\"#556b2f\",darkorange:\"#ff8c00\",darkorchid:\"#9932cc\",darkred:\"#8b0000\",darksalmon:\"#e9967a\",darkseagreen:\"#8fbc8f\",darkslateblue:\"#483d8b\",darkslategray:\"#2f4f4f\",darkslategrey:\"#2f4f4f\",darkturquoise:\"#00ced1\",darkviolet:\"#9400d3\",deeppink:\"#ff1493\",deepskyblue:\"#00bfff\",dimgray:\"#696969\",dimgrey:\"#696969\",dodgerblue:\"#1e90ff\",firebrick:\"#b22222\",floralwhite:\"#fffaf0\",forestgreen:\"#228b22\",fuchsia:\"#ff00ff\",gainsboro:\"#dcdcdc\",\nghostwhite:\"#f8f8ff\",gold:\"#ffd700\",goldenrod:\"#daa520\",gray:\"#808080\",green:\"#008000\",greenyellow:\"#adff2f\",grey:\"#808080\",honeydew:\"#f0fff0\",hotpink:\"#ff69b4\",indianred:\"#cd5c5c\",indigo:\"#4b0082\",ivory:\"#fffff0\",khaki:\"#f0e68c\",lavender:\"#e6e6fa\",lavenderblush:\"#fff0f5\",lawngreen:\"#7cfc00\",lemonchiffon:\"#fffacd\",lightblue:\"#add8e6\",lightcoral:\"#f08080\",lightcyan:\"#e0ffff\",lightgoldenrodyellow:\"#fafad2\",lightgray:\"#d3d3d3\",lightgreen:\"#90ee90\",lightgrey:\"#d3d3d3\",lightpink:\"#ffb6c1\",lightsalmon:\"#ffa07a\",\nlightseagreen:\"#20b2aa\",lightskyblue:\"#87cefa\",lightslategray:\"#778899\",lightslategrey:\"#778899\",lightsteelblue:\"#b0c4de\",lightyellow:\"#ffffe0\",lime:\"#00ff00\",limegreen:\"#32cd32\",linen:\"#faf0e6\",magenta:\"#ff00ff\",maroon:\"#800000\",mediumaquamarine:\"#66cdaa\",mediumblue:\"#0000cd\",mediumorchid:\"#ba55d3\",mediumpurple:\"#9370db\",mediumseagreen:\"#3cb371\",mediumslateblue:\"#7b68ee\",mediumspringgreen:\"#00fa9a\",mediumturquoise:\"#48d1cc\",mediumvioletred:\"#c71585\",midnightblue:\"#191970\",mintcream:\"#f5fffa\",mistyrose:\"#ffe4e1\",\nmoccasin:\"#ffe4b5\",navajowhite:\"#ffdead\",navy:\"#000080\",oldlace:\"#fdf5e6\",olive:\"#808000\",olivedrab:\"#6b8e23\",orange:\"#ffa500\",orangered:\"#ff4500\",orchid:\"#da70d6\",palegoldenrod:\"#eee8aa\",palegreen:\"#98fb98\",paleturquoise:\"#afeeee\",palevioletred:\"#db7093\",papayawhip:\"#ffefd5\",peachpuff:\"#ffdab9\",peru:\"#cd853f\",pink:\"#ffc0cb\",plum:\"#dda0dd\",powderblue:\"#b0e0e6\",purple:\"#800080\",red:\"#ff0000\",rosybrown:\"#bc8f8f\",royalblue:\"#4169e1\",saddlebrown:\"#8b4513\",salmon:\"#fa8072\",sandybrown:\"#f4a460\",seagreen:\"#2e8b57\",\nseashell:\"#fff5ee\",sienna:\"#a0522d\",silver:\"#c0c0c0\",skyblue:\"#87ceeb\",slateblue:\"#6a5acd\",slategray:\"#708090\",slategrey:\"#708090\",snow:\"#fffafa\",springgreen:\"#00ff7f\",steelblue:\"#4682b4\",tan:\"#d2b48c\",teal:\"#008080\",thistle:\"#d8bfd8\",tomato:\"#ff6347\",turquoise:\"#40e0d0\",violet:\"#ee82ee\",wheat:\"#f5deb3\",white:\"#ffffff\",whitesmoke:\"#f5f5f5\",yellow:\"#ffff00\",yellowgreen:\"#9acd32\"};var ha=\"backgroundColor borderTopColor borderRightColor borderBottomColor borderLeftColor color outlineColor\".split(\" \"),ia=/#([0-9a-fA-F])([0-9a-fA-F])([0-9a-fA-F])/,ja=/^#(?:[0-9a-f]{3}){1,2}$/i,ka=/^(?:rgba)?\\((\\d{1,3}),\\s?(\\d{1,3}),\\s?(\\d{1,3}),\\s?(0|1|0\\.\\d*)\\)$/i,la=/^(?:rgb)?\\((0|[1-9]\\d{0,2}),\\s?(0|[1-9]\\d{0,2}),\\s?(0|[1-9]\\d{0,2})\\)$/i;function m(a,b){this.code=a;this.g=p[a]||q;this.message=b||\"\";a=this.g.replace(/((?:^|\\s+)[a-z])/g,function(c){return c.toUpperCase().replace(/^[\\s\\xa0]+/g,\"\")});b=a.length-5;if(b\u003C0||a.indexOf(\"Error\",b)!=b)a+=\"Error\";this.name=a;a=Error(this.message);a.name=this.name;this.stack=a.stack||\"\"}(function(){function a(){}a.prototype=Error.prototype;m.prototype=new a;m.prototype.constructor=m})();var q=\"unknown error\",p={15:\"element not selectable\",11:\"element not visible\"};p[31]=q;p[30]=q;p[24]=\"invalid cookie domain\";\np[29]=\"invalid element coordinates\";p[12]=\"invalid element state\";p[32]=\"invalid selector\";p[51]=\"invalid selector\";p[52]=\"invalid selector\";p[17]=\"javascript error\";p[405]=\"unsupported operation\";p[34]=\"move target out of bounds\";p[27]=\"no such alert\";p[7]=\"no such element\";p[8]=\"no such frame\";p[23]=\"no such window\";p[28]=\"script timeout\";p[33]=\"session not created\";p[10]=\"stale element reference\";p[21]=\"timeout\";p[25]=\"unable to set cookie\";p[26]=\"unexpected alert open\";p[13]=q;p[9]=\"unknown command\";var u=aa.i&&String.prototype.trim?function(a){return a.trim()}:function(a){return/^[\\s\\xa0]*([\\s\\S]*?)[\\s\\xa0]*$/.exec(a)[1]};\nfunction ma(a){var b=0;a=u(String(a)).split(\".\");for(var c=u(\"8\").split(\".\"),e=Math.max(a.length,c.length),d=0;b==0&&d\u003Ce;d++){var f=a[d]||\"\",h=c[d]||\"\";do{f=/(\\d*)(\\D*)(.*)/.exec(f)||[\"\",\"\",\"\",\"\"];h=/(\\d*)(\\D*)(.*)/.exec(h)||[\"\",\"\",\"\",\"\"];if(f[0].length==0&&h[0].length==0)break;b=w(f[1].length==0?0:parseInt(f[1],10),h[1].length==0?0:parseInt(h[1],10))||w(f[2].length==0,h[2].length==0)||w(f[2],h[2]);f=f[3];h=h[3]}while(b==0)}return b}function w(a,b){return a\u003Cb?-1:a>b?1:0};function x(){var a=g.navigator;return a&&(a=a.userAgent)?a:\"\"}function y(a){return x().indexOf(a)!=-1};function A(){return y(\"Firefox\")||y(\"FxiOS\")}function B(){return(y(\"Chrome\")||y(\"CriOS\"))&&!y(\"Edge\")||y(\"Silk\")};function na(a){return String(a).replace(/\\-([a-z])/g,function(b,c){return c.toUpperCase()})};function C(){return y(\"iPhone\")&&!y(\"iPod\")&&!y(\"iPad\")};function ra(a){var b=sa;return Object.prototype.hasOwnProperty.call(b,8)?b[8]:b[8]=a(8)};var ta=y(\"Opera\"),D=y(\"Trident\")||y(\"MSIE\"),ua=y(\"Edge\"),va=y(\"Gecko\")&&!(x().toLowerCase().indexOf(\"webkit\")!=-1&&!y(\"Edge\"))&&!(y(\"Trident\")||y(\"MSIE\"))&&!y(\"Edge\"),wa=x().toLowerCase().indexOf(\"webkit\")!=-1&&!y(\"Edge\");function xa(){var a=g.document;return a?a.documentMode:void 0}var E;\na:{var F=\"\",G=function(){var a=x();if(va)return/rv:([^\\);]+)(\\)|;)/.exec(a);if(ua)return/Edge\\/([\\d\\.]+)/.exec(a);if(D)return/\\b(?:MSIE|rv)[: ]([^\\);]+)(\\)|;)/.exec(a);if(wa)return/WebKit\\/(\\S+)/.exec(a);if(ta)return/(?:Version)[ \\/]?(\\S+)/.exec(a)}();G&&(F=G?G[1]:\"\");if(D){var H=xa();if(H!=null&&H>parseFloat(F)){E=String(H);break a}}E=F}var sa={};function ya(){return ra(function(){return ma(E)>=0})}var I;if(g.document&&D){var za=xa();I=za?za:parseInt(E,10)||void 0}else I=void 0;var Aa=I;var Ba=A(),Ca=C()||y(\"iPod\"),Da=y(\"iPad\"),Ea=y(\"Android\")&&!(B()||A()||y(\"Opera\")||y(\"Silk\")),Fa=B(),Ga=y(\"Safari\")&&!(B()||y(\"Coast\")||y(\"Opera\")||y(\"Edge\")||y(\"Edg/\")||y(\"OPR\")||A()||y(\"Silk\")||y(\"Android\"))&&!(C()||y(\"iPad\")||y(\"iPod\"));function J(a){return(a=a.exec(x()))?a[1]:\"\"}(function(){if(Ba)return J(/Firefox\\/([0-9.]+)/);if(D||ua||ta)return E;if(Fa){if(C()||y(\"iPad\")||y(\"iPod\")||y(\"Macintosh\")){var a=J(/CriOS\\/([0-9.]+)/);if(a)return a}return J(/Chrome\\/([0-9.]+)/)}if(Ga&&!(C()||y(\"iPad\")||y(\"iPod\")))return J(/Version\\/([0-9.]+)/);if(Ca||Da){if(a=/Version\\/(\\S+).*Mobile\\/(\\S+)/.exec(x()))return a[1]+\".\"+a[2]}else if(Ea)return(a=J(/Android\\s+([0-9.]+)/))?a:J(/Version\\/([0-9.]+)/);return\"\"})();var K;if(K=D)K=!(Number(Aa)>=9);var Ha=K;function L(a,b){this.x=a!==void 0?a:0;this.y=b!==void 0?b:0}L.prototype.ceil=function(){this.x=Math.ceil(this.x);this.y=Math.ceil(this.y);return this};L.prototype.floor=function(){this.x=Math.floor(this.x);this.y=Math.floor(this.y);return this};L.prototype.round=function(){this.x=Math.round(this.x);this.y=Math.round(this.y);return this};function M(a,b){this.width=a;this.height=b}M.prototype.aspectRatio=function(){return this.width/this.height};M.prototype.ceil=function(){this.width=Math.ceil(this.width);this.height=Math.ceil(this.height);return this};M.prototype.floor=function(){this.width=Math.floor(this.width);this.height=Math.floor(this.height);return this};M.prototype.round=function(){this.width=Math.round(this.width);this.height=Math.round(this.height);return this};function N(a){return a.nodeType==9?a:a.ownerDocument||a.document}function Ia(a,b){a&&(a=a.parentNode);for(var c=0;a;){if(b(a))return a;a=a.parentNode;c++}return null}function Ja(a){this.g=a||g.document||document};function O(a,b){b&&typeof b!==\"string\"&&(b=b.toString());return a instanceof HTMLFormElement?!!a&&a.nodeType==1&&(!b||\"FORM\"==b):!!a&&a.nodeType==1&&(!b||a.tagName.toUpperCase()==b)};function Q(a,b,c,e){this.top=a;this.g=b;this.h=c;this.left=e}Q.prototype.ceil=function(){this.top=Math.ceil(this.top);this.g=Math.ceil(this.g);this.h=Math.ceil(this.h);this.left=Math.ceil(this.left);return this};Q.prototype.floor=function(){this.top=Math.floor(this.top);this.g=Math.floor(this.g);this.h=Math.floor(this.h);this.left=Math.floor(this.left);return this};\nQ.prototype.round=function(){this.top=Math.round(this.top);this.g=Math.round(this.g);this.h=Math.round(this.h);this.left=Math.round(this.left);return this};function R(a,b,c,e){this.left=a;this.top=b;this.width=c;this.height=e}R.prototype.ceil=function(){this.left=Math.ceil(this.left);this.top=Math.ceil(this.top);this.width=Math.ceil(this.width);this.height=Math.ceil(this.height);return this};R.prototype.floor=function(){this.left=Math.floor(this.left);this.top=Math.floor(this.top);this.width=Math.floor(this.width);this.height=Math.floor(this.height);return this};\nR.prototype.round=function(){this.left=Math.round(this.left);this.top=Math.round(this.top);this.width=Math.round(this.width);this.height=Math.round(this.height);return this};var Ka=typeof ShadowRoot===\"function\";function S(a){for(a=a.parentNode;a&&a.nodeType!=1&&a.nodeType!=9&&a.nodeType!=11;)a=a.parentNode;return O(a)?a:null}\nfunction T(a,b){b=na(b);if(b==\"float\"||b==\"cssFloat\"||b==\"styleFloat\")b=Ha?\"styleFloat\":\"cssFloat\";a:{var c=b;var e=N(a);if(e.defaultView&&e.defaultView.getComputedStyle&&(e=e.defaultView.getComputedStyle(a,null))){c=e[c]||e.getPropertyValue(c)||\"\";break a}c=\"\"}a=c||La(a,b);if(a===null)a=null;else if(ca(ha,b)>=0){b:{var d=a.match(ka);if(d&&(b=Number(d[1]),c=Number(d[2]),e=Number(d[3]),d=Number(d[4]),b>=0&&b\u003C=255&&c>=0&&c\u003C=255&&e>=0&&e\u003C=255&&d>=0&&d\u003C=1)){b=[b,c,e,d];break b}b=null}if(!b)b:{if(e=a.match(la))if(b=\nNumber(e[1]),c=Number(e[2]),e=Number(e[3]),b>=0&&b\u003C=255&&c>=0&&c\u003C=255&&e>=0&&e\u003C=255){b=[b,c,e,1];break b}b=null}if(!b)b:{b=a.toLowerCase();c=fa[b.toLowerCase()];if(!c&&(c=b.charAt(0)==\"#\"?b:\"#\"+b,c.length==4&&(c=c.replace(ia,\"#$1$1$2$2$3$3\")),!ja.test(c))){b=null;break b}b=[parseInt(c.substr(1,2),16),parseInt(c.substr(3,2),16),parseInt(c.substr(5,2),16),1]}a=b?\"rgba(\"+b.join(\", \")+\")\":a}return a}\nfunction La(a,b){var c=a.currentStyle||a.style,e=c[b];e===void 0&&typeof c.getPropertyValue===\"function\"&&(e=c.getPropertyValue(b));return e!=\"inherit\"?e!==void 0?e:null:(a=S(a))?La(a,b):null}\nfunction U(a,b,c){function e(h){var n=V(h);if(n.height>0&&n.width>0)return!0;if(O(h,\"PATH\")&&(n.height>0||n.width>0))return h=T(h,\"stroke-width\"),!!h&&parseInt(h,10)>0;n=T(h,\"visibility\");return n!=\"collapse\"&&n!=\"hidden\"&&c(h)?T(h,\"overflow\")!=\"hidden\"&&da(h.childNodes,function(v){return v.nodeType==3?(v=v.nodeValue,/^[\\s]*$/.test(v)&&/[\\n\\r\\t]/.test(v)?!1:!0):O(v)&&e(v)}):!1}function d(h){return Ma(h)==W&&ea(h.childNodes,function(n){return!O(n)||d(n)||!e(n)})}if(!O(a))throw Error(\"Argument to isShown must be of type Element\");\nif(O(a,\"BODY\"))return!0;if(O(a,\"OPTION\")||O(a,\"OPTGROUP\"))return a=Ia(a,function(h){return O(h,\"SELECT\")}),!!a&&U(a,!0,c);var f=Na(a);if(f)return!!f.image&&f.rect.width>0&&f.rect.height>0&&U(f.image,b,c);if(O(a,\"INPUT\")&&a.type.toLowerCase()==\"hidden\"||O(a,\"NOSCRIPT\"))return!1;f=T(a,\"visibility\");return f!=\"collapse\"&&f!=\"hidden\"&&c(a)&&(b||Oa(a)!=0)&&e(a)?!d(a):!1}var W=\"hidden\";\nfunction Ma(a){function b(k){function l(ba){if(ba==h)return!0;var oa=T(ba,\"display\");return oa.lastIndexOf(\"inline\",0)==0||oa==\"contents\"||pa==\"absolute\"&&T(ba,\"position\")==\"static\"?!1:!0}var pa=T(k,\"position\");if(pa==\"fixed\")return qa=!0,k==h?null:h;for(k=S(k);k&&!l(k);)k=S(k);return k}function c(k){var l=k;if(v==\"visible\")if(k==h&&n)l=n;else if(k==n)return{x:\"visible\",y:\"visible\"};l={x:T(l,\"overflow-x\"),y:T(l,\"overflow-y\")};k==h&&(l.x=l.x==\"visible\"?\"auto\":l.x,l.y=l.y==\"visible\"?\"auto\":l.y);return l}\nfunction e(k){if(k==h){var l=(new Ja(f)).g;k=l.scrollingElement?l.scrollingElement:wa||l.compatMode!=\"CSS1Compat\"?l.body||l.documentElement:l.documentElement;l=l.parentWindow||l.defaultView;k=D&&l.pageYOffset!=k.scrollTop?new L(k.scrollLeft,k.scrollTop):new L(l.pageXOffset||k.scrollLeft,l.pageYOffset||k.scrollTop)}else k=new L(k.scrollLeft,k.scrollTop);return k}var d=Pa(a),f=N(a),h=f.documentElement,n=f.body,v=T(h,\"overflow\"),qa;for(a=b(a);a;a=b(a)){var r=c(a);if(r.x!=\"visible\"||r.y!=\"visible\"){var t=\nV(a);if(t.width==0||t.height==0)return W;var z=d.g\u003Ct.left,P=d.h\u003Ct.top;if(z&&r.x==\"hidden\"||P&&r.y==\"hidden\")return W;if(z&&r.x!=\"visible\"||P&&r.y!=\"visible\"){z=e(a);P=d.h\u003Ct.top-z.y;if(d.g\u003Ct.left-z.x&&r.x!=\"visible\"||P&&r.x!=\"visible\")return W;d=Ma(a);return d==W?W:\"scroll\"}z=d.left>=t.left+t.width;t=d.top>=t.top+t.height;if(z&&r.x==\"hidden\"||t&&r.y==\"hidden\")return W;if(z&&r.x!=\"visible\"||t&&r.y!=\"visible\"){if(qa&&(r=e(a),d.left>=h.scrollWidth-r.x||d.g>=h.scrollHeight-r.y))return W;d=Ma(a);return d==\nW?W:\"scroll\"}}}return\"none\"}\nfunction V(a){var b=Na(a);if(b)return b.rect;if(O(a,\"HTML\"))return a=N(a),a=((a?a.parentWindow||a.defaultView:window)||window).document,a=a.compatMode==\"CSS1Compat\"?a.documentElement:a.body,a=new M(a.clientWidth,a.clientHeight),new R(0,0,a.width,a.height);try{var c=a.getBoundingClientRect()}catch(e){return new R(0,0,0,0)}b=new R(c.left,c.top,c.right-c.left,c.bottom-c.top);D&&a.ownerDocument.body&&(a=N(a),b.left-=a.documentElement.clientLeft+a.body.clientLeft,b.top-=a.documentElement.clientTop+a.body.clientTop);\nreturn b}\nfunction Na(a){var b=O(a,\"MAP\");if(!b&&!O(a,\"AREA\"))return null;var c=b?a:O(a.parentNode,\"MAP\")?a.parentNode:null,e=null,d=null;if(c&&c.name){e='*[usemap=\"#'+c.name+'\"]';c=N(c);var f;if(f=typeof c.querySelector!==\"function\"&&D&&(D?ma(Aa)>=0:ya())){f=c.querySelector;var h=typeof f;f=!(h==\"object\"&&f!=null||h==\"function\")}if(f)throw Error(\"CSS selection is not supported\");if(!e)throw new m(32,\"No selector specified\");e=u(e);try{var n=c.querySelector(e)}catch(v){throw new m(32,\"An invalid or illegal selector was specified\");}if(e=\nn&&n.nodeType==1?n:null)d=V(e),b||a.shape.toLowerCase()==\"default\"||(a=Qa(a),b=Math.min(Math.max(a.left,0),d.width),n=Math.min(Math.max(a.top,0),d.height),d=new R(b+d.left,n+d.top,Math.min(a.width,d.width-b),Math.min(a.height,d.height-n)))}return{image:e,rect:d||new R(0,0,0,0)}}\nfunction Qa(a){var b=a.shape.toLowerCase();a=a.coords.split(\",\");if(b==\"rect\"&&a.length==4){b=a[0];var c=a[1];return new R(b,c,a[2]-b,a[3]-c)}if(b==\"circle\"&&a.length==3)return b=a[2],new R(a[0]-b,a[1]-b,2*b,2*b);if(b==\"poly\"&&a.length>2){b=a[0];c=a[1];for(var e=b,d=c,f=2;f+1\u003Ca.length;f+=2)b=Math.min(b,a[f]),e=Math.max(e,a[f]),c=Math.min(c,a[f+1]),d=Math.max(d,a[f+1]);return new R(b,c,e-b,d-c)}return new R(0,0,0,0)}function Pa(a){a=V(a);return new Q(a.top,a.left+a.width,a.top+a.height,a.left)}\nfunction Oa(a){if(Ha){if(T(a,\"position\")==\"relative\")return 1;a=T(a,\"filter\");return(a=a.match(/^alpha\\(opacity=(\\d*)\\)/)||a.match(/^progid:DXImageTransform.Microsoft.Alpha\\(Opacity=(\\d*)\\)/))?Number(a[1])/100:1}return Ra(a)}function Ra(a){var b=1,c=T(a,\"opacity\");c&&(b=Number(c));(a=S(a))&&(b*=Ra(a));return b};function Sa(a,b){function c(e){if(O(e)&&(T(e,\"display\")==\"none\"||T(e,\"content-visibility\")==\"hidden\"))return!1;var d;if((d=e.parentNode)&&d.shadowRoot&&e.assignedSlot!==void 0)d=e.assignedSlot?e.assignedSlot.parentNode:null;else if(e.getDestinationInsertionPoints){var f=e.getDestinationInsertionPoints();f.length>0&&(d=f[f.length-1])}if(Ka&&d instanceof ShadowRoot){if(d.host.shadowRoot&&d.host.shadowRoot!==d)return!1;d=d.host}return!d||d.nodeType!=9&&d.nodeType!=11?d&&O(d,\"DETAILS\")&&!d.open&&!O(e,\n\"SUMMARY\")?!1:!!d&&c(d):!0}return U(a,!!b,c)}var X=[\"se_exportedFunctionSymbol\"],Y=g;X[0]in Y||typeof Y.execScript==\"undefined\"||Y.execScript(\"var \"+X[0]);for(var Z;X.length&&(Z=X.shift());)X.length||Sa===void 0?Y[Z]&&Y[Z]!==Object.prototype[Z]?Y=Y[Z]:Y=Y[Z]={}:Y[Z]=Sa;; return this.se_exportedFunctionSymbol.apply(null,arguments);}).apply(window, arguments);}).apply(null, arguments)"
}
[1777323468.802][INFO]: Waiting for pending navigations...
[1777323468.803][INFO]: Done waiting for pending navigations. Status: ok
[1777323468.810][INFO]: Waiting for pending navigations...
[1777323468.810][INFO]: Done waiting for pending navigations. Status: ok
[1777323468.810][INFO]: [10cb6805956efcc7b7f40074bba5cd3b] RESPONSE ExecuteScript true
[1777323468.811][INFO]: [10cb6805956efcc7b7f40074bba5cd3b] COMMAND ExecuteScript {
   "args": [ {
      "ELEMENT": "f.F65CE7C7B916152EF8D57C4DDC0456A2.d.E4AC9EA99E220920DD5CAD9973350B9C.e.15",
      "element-6066-11e4-a52e-4f735466cecf": "f.F65CE7C7B916152EF8D57C4DDC0456A2.d.E4AC9EA99E220920DD5CAD9973350B9C.e.15"
   } ],
   "script": "arguments[0].scrollIntoView({ block: 'center', inline: 'center' })"
}
[1777323468.811][INFO]: Waiting for pending navigations...
[1777323468.811][INFO]: Done waiting for pending navigations. Status: ok
[1777323468.814][INFO]: Waiting for pending navigations...
[1777323468.815][INFO]: Done waiting for pending navigations. Status: ok
[1777323468.815][INFO]: [10cb6805956efcc7b7f40074bba5cd3b] RESPONSE ExecuteScript null
[1777323468.930][INFO]: [10cb6805956efcc7b7f40074bba5cd3b] COMMAND ClickElement {
   "id": "f.F65CE7C7B916152EF8D57C4DDC0456A2.d.E4AC9EA99E220920DD5CAD9973350B9C.e.15"
}
[1777323468.930][INFO]: Waiting for pending navigations...
[1777323468.932][INFO]: Done waiting for pending navigations. Status: ok
[1777323468.990][INFO]: Waiting for pending navigations...
[1777323468.991][INFO]: Done waiting for pending navigations. Status: ok
[1777323468.991][INFO]: [10cb6805956efcc7b7f40074bba5cd3b] RESPONSE ClickElement
[1777323468.992][INFO]: [10cb6805956efcc7b7f40074bba5cd3b] COMMAND FindElements {
   "using": "xpath",
   "value": "//*[self::button or self::a or self::label or @role='button'][contains(normalize-space(.), 'Создать желание') or contains(normalize-space(.), 'Добавить желание') or contains(normalize-space(.), '+ Новое желание') or contains(normalize-space(.), 'Новое желание')]"
}
[1777323468.992][INFO]: Waiting for pending navigations...
[1777323468.993][INFO]: Done waiting for pending navigations. Status: ok
[1777323469.003][INFO]: Waiting for pending navigations...
[1777323469.009][INFO]: Done waiting for pending navigations. Status: ok
[1777323469.010][INFO]: [10cb6805956efcc7b7f40074bba5cd3b] RESPONSE FindElements [ {
   "element-6066-11e4-a52e-4f735466cecf": "f.F65CE7C7B916152EF8D57C4DDC0456A2.d.E4AC9EA99E220920DD5CAD9973350B9C.e.26"
} ]
[1777323469.011][INFO]: [10cb6805956efcc7b7f40074bba5cd3b] COMMAND FindElements {
   "using": "xpath",
   "value": "//*[self::button or self::a or self::label or @role='button'][contains(normalize-space(.), 'Создать желание') or contains(normalize-space(.), 'Добавить желание') or contains(normalize-space(.), '+ Новое желание') or contains(normalize-space(.), 'Новое желание')]"
}
[1777323469.011][INFO]: Waiting for pending navigations...
[1777323469.011][INFO]: Done waiting for pending navigations. Status: ok
[1777323469.016][INFO]: Waiting for pending navigations...
[1777323469.017][INFO]: Done waiting for pending navigations. Status: ok
[1777323469.017][INFO]: [10cb6805956efcc7b7f40074bba5cd3b] RESPONSE FindElements [ {
   "element-6066-11e4-a52e-4f735466cecf": "f.F65CE7C7B916152EF8D57C4DDC0456A2.d.E4AC9EA99E220920DD5CAD9973350B9C.e.26"
} ]
[1777323469.018][INFO]: [10cb6805956efcc7b7f40074bba5cd3b] COMMAND ExecuteScript {
   "args": [ {
      "ELEMENT": "f.F65CE7C7B916152EF8D57C4DDC0456A2.d.E4AC9EA99E220920DD5CAD9973350B9C.e.26",
      "element-6066-11e4-a52e-4f735466cecf": "f.F65CE7C7B916152EF8D57C4DDC0456A2.d.E4AC9EA99E220920DD5CAD9973350B9C.e.26"
   } ],
   "script": "/* isDisplayed */return (function(){return (function(){/*\n\n Copyright The Closure Library Authors.\n Copyright The Closure Compiler Authors.\n SPDX-License-Identifier: Apache-2.0\n*/\nvar aa=aa||{},g=this||self;/*\n\n Copyright The Closure Library Authors.\n SPDX-License-Identifier: Apache-2.0\n*/\nvar ca=Array.prototype.indexOf?function(a,b){return Array.prototype.indexOf.call(a,b,void 0)}:function(a,b){if(typeof a===\"string\")return typeof b!==\"string\"||b.length!=1?-1:a.indexOf(b,0);for(var c=0;c\u003Ca.length;c++)if(c in a&&a[c]===b)return c;return-1},da=Array.prototype.some?function(a,b){return Array.prototype.some.call(a,b,void 0)}:function(a,b){for(var c=a.length,e=typeof a===\"string\"?a.split(\"\"):a,d=0;d\u003Cc;d++)if(d in e&&b.call(void 0,e[d],d,a))return!0;return!1},ea=Array.prototype.every?function(a,\nb){return Array.prototype.every.call(a,b,void 0)}:function(a,b){for(var c=a.length,e=typeof a===\"string\"?a.split(\"\"):a,d=0;d\u003Cc;d++)if(d in e&&!b.call(void 0,e[d],d,a))return!1;return!0};var fa={aliceblue:\"#f0f8ff\",antiquewhite:\"#faebd7\",aqua:\"#00ffff\",aquamarine:\"#7fffd4\",azure:\"#f0ffff\",beige:\"#f5f5dc\",bisque:\"#ffe4c4\",black:\"#000000\",blanchedalmond:\"#ffebcd\",blue:\"#0000ff\",blueviolet:\"#8a2be2\",brown:\"#a52a2a\",burlywood:\"#deb887\",cadetblue:\"#5f9ea0\",chartreuse:\"#7fff00\",chocolate:\"#d2691e\",coral:\"#ff7f50\",cornflowerblue:\"#6495ed\",cornsilk:\"#fff8dc\",crimson:\"#dc143c\",cyan:\"#00ffff\",darkblue:\"#00008b\",darkcyan:\"#008b8b\",darkgoldenrod:\"#b8860b\",darkgray:\"#a9a9a9\",darkgreen:\"#006400\",\ndarkgrey:\"#a9a9a9\",darkkhaki:\"#bdb76b\",darkmagenta:\"#8b008b\",darkolivegreen:\"#556b2f\",darkorange:\"#ff8c00\",darkorchid:\"#9932cc\",darkred:\"#8b0000\",darksalmon:\"#e9967a\",darkseagreen:\"#8fbc8f\",darkslateblue:\"#483d8b\",darkslategray:\"#2f4f4f\",darkslategrey:\"#2f4f4f\",darkturquoise:\"#00ced1\",darkviolet:\"#9400d3\",deeppink:\"#ff1493\",deepskyblue:\"#00bfff\",dimgray:\"#696969\",dimgrey:\"#696969\",dodgerblue:\"#1e90ff\",firebrick:\"#b22222\",floralwhite:\"#fffaf0\",forestgreen:\"#228b22\",fuchsia:\"#ff00ff\",gainsboro:\"#dcdcdc\",\nghostwhite:\"#f8f8ff\",gold:\"#ffd700\",goldenrod:\"#daa520\",gray:\"#808080\",green:\"#008000\",greenyellow:\"#adff2f\",grey:\"#808080\",honeydew:\"#f0fff0\",hotpink:\"#ff69b4\",indianred:\"#cd5c5c\",indigo:\"#4b0082\",ivory:\"#fffff0\",khaki:\"#f0e68c\",lavender:\"#e6e6fa\",lavenderblush:\"#fff0f5\",lawngreen:\"#7cfc00\",lemonchiffon:\"#fffacd\",lightblue:\"#add8e6\",lightcoral:\"#f08080\",lightcyan:\"#e0ffff\",lightgoldenrodyellow:\"#fafad2\",lightgray:\"#d3d3d3\",lightgreen:\"#90ee90\",lightgrey:\"#d3d3d3\",lightpink:\"#ffb6c1\",lightsalmon:\"#ffa07a\",\nlightseagreen:\"#20b2aa\",lightskyblue:\"#87cefa\",lightslategray:\"#778899\",lightslategrey:\"#778899\",lightsteelblue:\"#b0c4de\",lightyellow:\"#ffffe0\",lime:\"#00ff00\",limegreen:\"#32cd32\",linen:\"#faf0e6\",magenta:\"#ff00ff\",maroon:\"#800000\",mediumaquamarine:\"#66cdaa\",mediumblue:\"#0000cd\",mediumorchid:\"#ba55d3\",mediumpurple:\"#9370db\",mediumseagreen:\"#3cb371\",mediumslateblue:\"#7b68ee\",mediumspringgreen:\"#00fa9a\",mediumturquoise:\"#48d1cc\",mediumvioletred:\"#c71585\",midnightblue:\"#191970\",mintcream:\"#f5fffa\",mistyrose:\"#ffe4e1\",\nmoccasin:\"#ffe4b5\",navajowhite:\"#ffdead\",navy:\"#000080\",oldlace:\"#fdf5e6\",olive:\"#808000\",olivedrab:\"#6b8e23\",orange:\"#ffa500\",orangered:\"#ff4500\",orchid:\"#da70d6\",palegoldenrod:\"#eee8aa\",palegreen:\"#98fb98\",paleturquoise:\"#afeeee\",palevioletred:\"#db7093\",papayawhip:\"#ffefd5\",peachpuff:\"#ffdab9\",peru:\"#cd853f\",pink:\"#ffc0cb\",plum:\"#dda0dd\",powderblue:\"#b0e0e6\",purple:\"#800080\",red:\"#ff0000\",rosybrown:\"#bc8f8f\",royalblue:\"#4169e1\",saddlebrown:\"#8b4513\",salmon:\"#fa8072\",sandybrown:\"#f4a460\",seagreen:\"#2e8b57\",\nseashell:\"#fff5ee\",sienna:\"#a0522d\",silver:\"#c0c0c0\",skyblue:\"#87ceeb\",slateblue:\"#6a5acd\",slategray:\"#708090\",slategrey:\"#708090\",snow:\"#fffafa\",springgreen:\"#00ff7f\",steelblue:\"#4682b4\",tan:\"#d2b48c\",teal:\"#008080\",thistle:\"#d8bfd8\",tomato:\"#ff6347\",turquoise:\"#40e0d0\",violet:\"#ee82ee\",wheat:\"#f5deb3\",white:\"#ffffff\",whitesmoke:\"#f5f5f5\",yellow:\"#ffff00\",yellowgreen:\"#9acd32\"};var ha=\"backgroundColor borderTopColor borderRightColor borderBottomColor borderLeftColor color outlineColor\".split(\" \"),ia=/#([0-9a-fA-F])([0-9a-fA-F])([0-9a-fA-F])/,ja=/^#(?:[0-9a-f]{3}){1,2}$/i,ka=/^(?:rgba)?\\((\\d{1,3}),\\s?(\\d{1,3}),\\s?(\\d{1,3}),\\s?(0|1|0\\.\\d*)\\)$/i,la=/^(?:rgb)?\\((0|[1-9]\\d{0,2}),\\s?(0|[1-9]\\d{0,2}),\\s?(0|[1-9]\\d{0,2})\\)$/i;function m(a,b){this.code=a;this.g=p[a]||q;this.message=b||\"\";a=this.g.replace(/((?:^|\\s+)[a-z])/g,function(c){return c.toUpperCase().replace(/^[\\s\\xa0]+/g,\"\")});b=a.length-5;if(b\u003C0||a.indexOf(\"Error\",b)!=b)a+=\"Error\";this.name=a;a=Error(this.message);a.name=this.name;this.stack=a.stack||\"\"}(function(){function a(){}a.prototype=Error.prototype;m.prototype=new a;m.prototype.constructor=m})();var q=\"unknown error\",p={15:\"element not selectable\",11:\"element not visible\"};p[31]=q;p[30]=q;p[24]=\"invalid cookie domain\";\np[29]=\"invalid element coordinates\";p[12]=\"invalid element state\";p[32]=\"invalid selector\";p[51]=\"invalid selector\";p[52]=\"invalid selector\";p[17]=\"javascript error\";p[405]=\"unsupported operation\";p[34]=\"move target out of bounds\";p[27]=\"no such alert\";p[7]=\"no such element\";p[8]=\"no such frame\";p[23]=\"no such window\";p[28]=\"script timeout\";p[33]=\"session not created\";p[10]=\"stale element reference\";p[21]=\"timeout\";p[25]=\"unable to set cookie\";p[26]=\"unexpected alert open\";p[13]=q;p[9]=\"unknown command\";var u=aa.i&&String.prototype.trim?function(a){return a.trim()}:function(a){return/^[\\s\\xa0]*([\\s\\S]*?)[\\s\\xa0]*$/.exec(a)[1]};\nfunction ma(a){var b=0;a=u(String(a)).split(\".\");for(var c=u(\"8\").split(\".\"),e=Math.max(a.length,c.length),d=0;b==0&&d\u003Ce;d++){var f=a[d]||\"\",h=c[d]||\"\";do{f=/(\\d*)(\\D*)(.*)/.exec(f)||[\"\",\"\",\"\",\"\"];h=/(\\d*)(\\D*)(.*)/.exec(h)||[\"\",\"\",\"\",\"\"];if(f[0].length==0&&h[0].length==0)break;b=w(f[1].length==0?0:parseInt(f[1],10),h[1].length==0?0:parseInt(h[1],10))||w(f[2].length==0,h[2].length==0)||w(f[2],h[2]);f=f[3];h=h[3]}while(b==0)}return b}function w(a,b){return a\u003Cb?-1:a>b?1:0};function x(){var a=g.navigator;return a&&(a=a.userAgent)?a:\"\"}function y(a){return x().indexOf(a)!=-1};function A(){return y(\"Firefox\")||y(\"FxiOS\")}function B(){return(y(\"Chrome\")||y(\"CriOS\"))&&!y(\"Edge\")||y(\"Silk\")};function na(a){return String(a).replace(/\\-([a-z])/g,function(b,c){return c.toUpperCase()})};function C(){return y(\"iPhone\")&&!y(\"iPod\")&&!y(\"iPad\")};function ra(a){var b=sa;return Object.prototype.hasOwnProperty.call(b,8)?b[8]:b[8]=a(8)};var ta=y(\"Opera\"),D=y(\"Trident\")||y(\"MSIE\"),ua=y(\"Edge\"),va=y(\"Gecko\")&&!(x().toLowerCase().indexOf(\"webkit\")!=-1&&!y(\"Edge\"))&&!(y(\"Trident\")||y(\"MSIE\"))&&!y(\"Edge\"),wa=x().toLowerCase().indexOf(\"webkit\")!=-1&&!y(\"Edge\");function xa(){var a=g.document;return a?a.documentMode:void 0}var E;\na:{var F=\"\",G=function(){var a=x();if(va)return/rv:([^\\);]+)(\\)|;)/.exec(a);if(ua)return/Edge\\/([\\d\\.]+)/.exec(a);if(D)return/\\b(?:MSIE|rv)[: ]([^\\);]+)(\\)|;)/.exec(a);if(wa)return/WebKit\\/(\\S+)/.exec(a);if(ta)return/(?:Version)[ \\/]?(\\S+)/.exec(a)}();G&&(F=G?G[1]:\"\");if(D){var H=xa();if(H!=null&&H>parseFloat(F)){E=String(H);break a}}E=F}var sa={};function ya(){return ra(function(){return ma(E)>=0})}var I;if(g.document&&D){var za=xa();I=za?za:parseInt(E,10)||void 0}else I=void 0;var Aa=I;var Ba=A(),Ca=C()||y(\"iPod\"),Da=y(\"iPad\"),Ea=y(\"Android\")&&!(B()||A()||y(\"Opera\")||y(\"Silk\")),Fa=B(),Ga=y(\"Safari\")&&!(B()||y(\"Coast\")||y(\"Opera\")||y(\"Edge\")||y(\"Edg/\")||y(\"OPR\")||A()||y(\"Silk\")||y(\"Android\"))&&!(C()||y(\"iPad\")||y(\"iPod\"));function J(a){return(a=a.exec(x()))?a[1]:\"\"}(function(){if(Ba)return J(/Firefox\\/([0-9.]+)/);if(D||ua||ta)return E;if(Fa){if(C()||y(\"iPad\")||y(\"iPod\")||y(\"Macintosh\")){var a=J(/CriOS\\/([0-9.]+)/);if(a)return a}return J(/Chrome\\/([0-9.]+)/)}if(Ga&&!(C()||y(\"iPad\")||y(\"iPod\")))return J(/Version\\/([0-9.]+)/);if(Ca||Da){if(a=/Version\\/(\\S+).*Mobile\\/(\\S+)/.exec(x()))return a[1]+\".\"+a[2]}else if(Ea)return(a=J(/Android\\s+([0-9.]+)/))?a:J(/Version\\/([0-9.]+)/);return\"\"})();var K;if(K=D)K=!(Number(Aa)>=9);var Ha=K;function L(a,b){this.x=a!==void 0?a:0;this.y=b!==void 0?b:0}L.prototype.ceil=function(){this.x=Math.ceil(this.x);this.y=Math.ceil(this.y);return this};L.prototype.floor=function(){this.x=Math.floor(this.x);this.y=Math.floor(this.y);return this};L.prototype.round=function(){this.x=Math.round(this.x);this.y=Math.round(this.y);return this};function M(a,b){this.width=a;this.height=b}M.prototype.aspectRatio=function(){return this.width/this.height};M.prototype.ceil=function(){this.width=Math.ceil(this.width);this.height=Math.ceil(this.height);return this};M.prototype.floor=function(){this.width=Math.floor(this.width);this.height=Math.floor(this.height);return this};M.prototype.round=function(){this.width=Math.round(this.width);this.height=Math.round(this.height);return this};function N(a){return a.nodeType==9?a:a.ownerDocument||a.document}function Ia(a,b){a&&(a=a.parentNode);for(var c=0;a;){if(b(a))return a;a=a.parentNode;c++}return null}function Ja(a){this.g=a||g.document||document};function O(a,b){b&&typeof b!==\"string\"&&(b=b.toString());return a instanceof HTMLFormElement?!!a&&a.nodeType==1&&(!b||\"FORM\"==b):!!a&&a.nodeType==1&&(!b||a.tagName.toUpperCase()==b)};function Q(a,b,c,e){this.top=a;this.g=b;this.h=c;this.left=e}Q.prototype.ceil=function(){this.top=Math.ceil(this.top);this.g=Math.ceil(this.g);this.h=Math.ceil(this.h);this.left=Math.ceil(this.left);return this};Q.prototype.floor=function(){this.top=Math.floor(this.top);this.g=Math.floor(this.g);this.h=Math.floor(this.h);this.left=Math.floor(this.left);return this};\nQ.prototype.round=function(){this.top=Math.round(this.top);this.g=Math.round(this.g);this.h=Math.round(this.h);this.left=Math.round(this.left);return this};function R(a,b,c,e){this.left=a;this.top=b;this.width=c;this.height=e}R.prototype.ceil=function(){this.left=Math.ceil(this.left);this.top=Math.ceil(this.top);this.width=Math.ceil(this.width);this.height=Math.ceil(this.height);return this};R.prototype.floor=function(){this.left=Math.floor(this.left);this.top=Math.floor(this.top);this.width=Math.floor(this.width);this.height=Math.floor(this.height);return this};\nR.prototype.round=function(){this.left=Math.round(this.left);this.top=Math.round(this.top);this.width=Math.round(this.width);this.height=Math.round(this.height);return this};var Ka=typeof ShadowRoot===\"function\";function S(a){for(a=a.parentNode;a&&a.nodeType!=1&&a.nodeType!=9&&a.nodeType!=11;)a=a.parentNode;return O(a)?a:null}\nfunction T(a,b){b=na(b);if(b==\"float\"||b==\"cssFloat\"||b==\"styleFloat\")b=Ha?\"styleFloat\":\"cssFloat\";a:{var c=b;var e=N(a);if(e.defaultView&&e.defaultView.getComputedStyle&&(e=e.defaultView.getComputedStyle(a,null))){c=e[c]||e.getPropertyValue(c)||\"\";break a}c=\"\"}a=c||La(a,b);if(a===null)a=null;else if(ca(ha,b)>=0){b:{var d=a.match(ka);if(d&&(b=Number(d[1]),c=Number(d[2]),e=Number(d[3]),d=Number(d[4]),b>=0&&b\u003C=255&&c>=0&&c\u003C=255&&e>=0&&e\u003C=255&&d>=0&&d\u003C=1)){b=[b,c,e,d];break b}b=null}if(!b)b:{if(e=a.match(la))if(b=\nNumber(e[1]),c=Number(e[2]),e=Number(e[3]),b>=0&&b\u003C=255&&c>=0&&c\u003C=255&&e>=0&&e\u003C=255){b=[b,c,e,1];break b}b=null}if(!b)b:{b=a.toLowerCase();c=fa[b.toLowerCase()];if(!c&&(c=b.charAt(0)==\"#\"?b:\"#\"+b,c.length==4&&(c=c.replace(ia,\"#$1$1$2$2$3$3\")),!ja.test(c))){b=null;break b}b=[parseInt(c.substr(1,2),16),parseInt(c.substr(3,2),16),parseInt(c.substr(5,2),16),1]}a=b?\"rgba(\"+b.join(\", \")+\")\":a}return a}\nfunction La(a,b){var c=a.currentStyle||a.style,e=c[b];e===void 0&&typeof c.getPropertyValue===\"function\"&&(e=c.getPropertyValue(b));return e!=\"inherit\"?e!==void 0?e:null:(a=S(a))?La(a,b):null}\nfunction U(a,b,c){function e(h){var n=V(h);if(n.height>0&&n.width>0)return!0;if(O(h,\"PATH\")&&(n.height>0||n.width>0))return h=T(h,\"stroke-width\"),!!h&&parseInt(h,10)>0;n=T(h,\"visibility\");return n!=\"collapse\"&&n!=\"hidden\"&&c(h)?T(h,\"overflow\")!=\"hidden\"&&da(h.childNodes,function(v){return v.nodeType==3?(v=v.nodeValue,/^[\\s]*$/.test(v)&&/[\\n\\r\\t]/.test(v)?!1:!0):O(v)&&e(v)}):!1}function d(h){return Ma(h)==W&&ea(h.childNodes,function(n){return!O(n)||d(n)||!e(n)})}if(!O(a))throw Error(\"Argument to isShown must be of type Element\");\nif(O(a,\"BODY\"))return!0;if(O(a,\"OPTION\")||O(a,\"OPTGROUP\"))return a=Ia(a,function(h){return O(h,\"SELECT\")}),!!a&&U(a,!0,c);var f=Na(a);if(f)return!!f.image&&f.rect.width>0&&f.rect.height>0&&U(f.image,b,c);if(O(a,\"INPUT\")&&a.type.toLowerCase()==\"hidden\"||O(a,\"NOSCRIPT\"))return!1;f=T(a,\"visibility\");return f!=\"collapse\"&&f!=\"hidden\"&&c(a)&&(b||Oa(a)!=0)&&e(a)?!d(a):!1}var W=\"hidden\";\nfunction Ma(a){function b(k){function l(ba){if(ba==h)return!0;var oa=T(ba,\"display\");return oa.lastIndexOf(\"inline\",0)==0||oa==\"contents\"||pa==\"absolute\"&&T(ba,\"position\")==\"static\"?!1:!0}var pa=T(k,\"position\");if(pa==\"fixed\")return qa=!0,k==h?null:h;for(k=S(k);k&&!l(k);)k=S(k);return k}function c(k){var l=k;if(v==\"visible\")if(k==h&&n)l=n;else if(k==n)return{x:\"visible\",y:\"visible\"};l={x:T(l,\"overflow-x\"),y:T(l,\"overflow-y\")};k==h&&(l.x=l.x==\"visible\"?\"auto\":l.x,l.y=l.y==\"visible\"?\"auto\":l.y);return l}\nfunction e(k){if(k==h){var l=(new Ja(f)).g;k=l.scrollingElement?l.scrollingElement:wa||l.compatMode!=\"CSS1Compat\"?l.body||l.documentElement:l.documentElement;l=l.parentWindow||l.defaultView;k=D&&l.pageYOffset!=k.scrollTop?new L(k.scrollLeft,k.scrollTop):new L(l.pageXOffset||k.scrollLeft,l.pageYOffset||k.scrollTop)}else k=new L(k.scrollLeft,k.scrollTop);return k}var d=Pa(a),f=N(a),h=f.documentElement,n=f.body,v=T(h,\"overflow\"),qa;for(a=b(a);a;a=b(a)){var r=c(a);if(r.x!=\"visible\"||r.y!=\"visible\"){var t=\nV(a);if(t.width==0||t.height==0)return W;var z=d.g\u003Ct.left,P=d.h\u003Ct.top;if(z&&r.x==\"hidden\"||P&&r.y==\"hidden\")return W;if(z&&r.x!=\"visible\"||P&&r.y!=\"visible\"){z=e(a);P=d.h\u003Ct.top-z.y;if(d.g\u003Ct.left-z.x&&r.x!=\"visible\"||P&&r.x!=\"visible\")return W;d=Ma(a);return d==W?W:\"scroll\"}z=d.left>=t.left+t.width;t=d.top>=t.top+t.height;if(z&&r.x==\"hidden\"||t&&r.y==\"hidden\")return W;if(z&&r.x!=\"visible\"||t&&r.y!=\"visible\"){if(qa&&(r=e(a),d.left>=h.scrollWidth-r.x||d.g>=h.scrollHeight-r.y))return W;d=Ma(a);return d==\nW?W:\"scroll\"}}}return\"none\"}\nfunction V(a){var b=Na(a);if(b)return b.rect;if(O(a,\"HTML\"))return a=N(a),a=((a?a.parentWindow||a.defaultView:window)||window).document,a=a.compatMode==\"CSS1Compat\"?a.documentElement:a.body,a=new M(a.clientWidth,a.clientHeight),new R(0,0,a.width,a.height);try{var c=a.getBoundingClientRect()}catch(e){return new R(0,0,0,0)}b=new R(c.left,c.top,c.right-c.left,c.bottom-c.top);D&&a.ownerDocument.body&&(a=N(a),b.left-=a.documentElement.clientLeft+a.body.clientLeft,b.top-=a.documentElement.clientTop+a.body.clientTop);\nreturn b}\nfunction Na(a){var b=O(a,\"MAP\");if(!b&&!O(a,\"AREA\"))return null;var c=b?a:O(a.parentNode,\"MAP\")?a.parentNode:null,e=null,d=null;if(c&&c.name){e='*[usemap=\"#'+c.name+'\"]';c=N(c);var f;if(f=typeof c.querySelector!==\"function\"&&D&&(D?ma(Aa)>=0:ya())){f=c.querySelector;var h=typeof f;f=!(h==\"object\"&&f!=null||h==\"function\")}if(f)throw Error(\"CSS selection is not supported\");if(!e)throw new m(32,\"No selector specified\");e=u(e);try{var n=c.querySelector(e)}catch(v){throw new m(32,\"An invalid or illegal selector was specified\");}if(e=\nn&&n.nodeType==1?n:null)d=V(e),b||a.shape.toLowerCase()==\"default\"||(a=Qa(a),b=Math.min(Math.max(a.left,0),d.width),n=Math.min(Math.max(a.top,0),d.height),d=new R(b+d.left,n+d.top,Math.min(a.width,d.width-b),Math.min(a.height,d.height-n)))}return{image:e,rect:d||new R(0,0,0,0)}}\nfunction Qa(a){var b=a.shape.toLowerCase();a=a.coords.split(\",\");if(b==\"rect\"&&a.length==4){b=a[0];var c=a[1];return new R(b,c,a[2]-b,a[3]-c)}if(b==\"circle\"&&a.length==3)return b=a[2],new R(a[0]-b,a[1]-b,2*b,2*b);if(b==\"poly\"&&a.length>2){b=a[0];c=a[1];for(var e=b,d=c,f=2;f+1\u003Ca.length;f+=2)b=Math.min(b,a[f]),e=Math.max(e,a[f]),c=Math.min(c,a[f+1]),d=Math.max(d,a[f+1]);return new R(b,c,e-b,d-c)}return new R(0,0,0,0)}function Pa(a){a=V(a);return new Q(a.top,a.left+a.width,a.top+a.height,a.left)}\nfunction Oa(a){if(Ha){if(T(a,\"position\")==\"relative\")return 1;a=T(a,\"filter\");return(a=a.match(/^alpha\\(opacity=(\\d*)\\)/)||a.match(/^progid:DXImageTransform.Microsoft.Alpha\\(Opacity=(\\d*)\\)/))?Number(a[1])/100:1}return Ra(a)}function Ra(a){var b=1,c=T(a,\"opacity\");c&&(b=Number(c));(a=S(a))&&(b*=Ra(a));return b};function Sa(a,b){function c(e){if(O(e)&&(T(e,\"display\")==\"none\"||T(e,\"content-visibility\")==\"hidden\"))return!1;var d;if((d=e.parentNode)&&d.shadowRoot&&e.assignedSlot!==void 0)d=e.assignedSlot?e.assignedSlot.parentNode:null;else if(e.getDestinationInsertionPoints){var f=e.getDestinationInsertionPoints();f.length>0&&(d=f[f.length-1])}if(Ka&&d instanceof ShadowRoot){if(d.host.shadowRoot&&d.host.shadowRoot!==d)return!1;d=d.host}return!d||d.nodeType!=9&&d.nodeType!=11?d&&O(d,\"DETAILS\")&&!d.open&&!O(e,\n\"SUMMARY\")?!1:!!d&&c(d):!0}return U(a,!!b,c)}var X=[\"se_exportedFunctionSymbol\"],Y=g;X[0]in Y||typeof Y.execScript==\"undefined\"||Y.execScript(\"var \"+X[0]);for(var Z;X.length&&(Z=X.shift());)X.length||Sa===void 0?Y[Z]&&Y[Z]!==Object.prototype[Z]?Y=Y[Z]:Y=Y[Z]={}:Y[Z]=Sa;; return this.se_exportedFunctionSymbol.apply(null,arguments);}).apply(window, arguments);}).apply(null, arguments)"
}
[1777323469.018][INFO]: Waiting for pending navigations...
[1777323469.019][INFO]: Done waiting for pending navigations. Status: ok
[1777323469.024][INFO]: Waiting for pending navigations...
[1777323469.024][INFO]: Done waiting for pending navigations. Status: ok
[1777323469.024][INFO]: [10cb6805956efcc7b7f40074bba5cd3b] RESPONSE ExecuteScript true
[1777323469.025][INFO]: [10cb6805956efcc7b7f40074bba5cd3b] COMMAND ExecuteScript {
   "args": [ {
      "ELEMENT": "f.F65CE7C7B916152EF8D57C4DDC0456A2.d.E4AC9EA99E220920DD5CAD9973350B9C.e.26",
      "element-6066-11e4-a52e-4f735466cecf": "f.F65CE7C7B916152EF8D57C4DDC0456A2.d.E4AC9EA99E220920DD5CAD9973350B9C.e.26"
   } ],
   "script": "arguments[0].scrollIntoView({ block: 'center', inline: 'center' })"
}
[1777323469.025][INFO]: Waiting for pending navigations...
[1777323469.025][INFO]: Done waiting for pending navigations. Status: ok
[1777323469.028][INFO]: Waiting for pending navigations...
[1777323469.028][INFO]: Done waiting for pending navigations. Status: ok
[1777323469.028][INFO]: [10cb6805956efcc7b7f40074bba5cd3b] RESPONSE ExecuteScript null
[1777323469.131][INFO]: [10cb6805956efcc7b7f40074bba5cd3b] COMMAND ClickElement {
   "id": "f.F65CE7C7B916152EF8D57C4DDC0456A2.d.E4AC9EA99E220920DD5CAD9973350B9C.e.26"
}
[1777323469.131][INFO]: Waiting for pending navigations...
[1777323469.133][INFO]: Done waiting for pending navigations. Status: ok
[1777323469.184][INFO]: Waiting for pending navigations...
[1777323469.185][INFO]: Done waiting for pending navigations. Status: ok
[1777323469.185][INFO]: [10cb6805956efcc7b7f40074bba5cd3b] RESPONSE ClickElement
[1777323469.186][INFO]: [10cb6805956efcc7b7f40074bba5cd3b] COMMAND FindElements {
   "using": "css selector",
   "value": "input"
}
[1777323469.186][INFO]: Waiting for pending navigations...
[1777323469.186][INFO]: Done waiting for pending navigations. Status: ok
[1777323469.197][INFO]: Waiting for pending navigations...
[1777323469.198][INFO]: Done waiting for pending navigations. Status: ok
[1777323469.198][INFO]: [10cb6805956efcc7b7f40074bba5cd3b] RESPONSE FindElements [ {
   "element-6066-11e4-a52e-4f735466cecf": "f.F65CE7C7B916152EF8D57C4DDC0456A2.d.E4AC9EA99E220920DD5CAD9973350B9C.e.29"
}, {
   "element-6066-11e4-a52e-4f735466cecf": "f.F65CE7C7B916152EF8D57C4DDC0456A2.d.E4AC9EA99E220920DD5CAD9973350B9C.e.31"
}, {
   "element-6066-11e4-a52e-4f735466cecf": "f.F65CE7C7B916152EF8D57C4DDC0456A2.d.E4AC9EA99E220920DD5CAD9973350B9C.e.33"
}, {
   "element-6066-11e4-a52e-4f735466cecf": "f.F65CE7C7B916152EF8D57C4DDC0456A2.d.E4AC9EA99E220920DD5CAD9973350B9C.e.35"
} ]
[1777323469.200][INFO]: [10cb6805956efcc7b7f40074bba5cd3b] COMMAND ExecuteScript {
   "args": [ {
      "ELEMENT": "f.F65CE7C7B916152EF8D57C4DDC0456A2.d.E4AC9EA99E220920DD5CAD9973350B9C.e.29",
      "element-6066-11e4-a52e-4f735466cecf": "f.F65CE7C7B916152EF8D57C4DDC0456A2.d.E4AC9EA99E220920DD5CAD9973350B9C.e.29"
   } ],
   "script": "/* isDisplayed */return (function(){return (function(){/*\n\n Copyright The Closure Library Authors.\n Copyright The Closure Compiler Authors.\n SPDX-License-Identifier: Apache-2.0\n*/\nvar aa=aa||{},g=this||self;/*\n\n Copyright The Closure Library Authors.\n SPDX-License-Identifier: Apache-2.0\n*/\nvar ca=Array.prototype.indexOf?function(a,b){return Array.prototype.indexOf.call(a,b,void 0)}:function(a,b){if(typeof a===\"string\")return typeof b!==\"string\"||b.length!=1?-1:a.indexOf(b,0);for(var c=0;c\u003Ca.length;c++)if(c in a&&a[c]===b)return c;return-1},da=Array.prototype.some?function(a,b){return Array.prototype.some.call(a,b,void 0)}:function(a,b){for(var c=a.length,e=typeof a===\"string\"?a.split(\"\"):a,d=0;d\u003Cc;d++)if(d in e&&b.call(void 0,e[d],d,a))return!0;return!1},ea=Array.prototype.every?function(a,\nb){return Array.prototype.every.call(a,b,void 0)}:function(a,b){for(var c=a.length,e=typeof a===\"string\"?a.split(\"\"):a,d=0;d\u003Cc;d++)if(d in e&&!b.call(void 0,e[d],d,a))return!1;return!0};var fa={aliceblue:\"#f0f8ff\",antiquewhite:\"#faebd7\",aqua:\"#00ffff\",aquamarine:\"#7fffd4\",azure:\"#f0ffff\",beige:\"#f5f5dc\",bisque:\"#ffe4c4\",black:\"#000000\",blanchedalmond:\"#ffebcd\",blue:\"#0000ff\",blueviolet:\"#8a2be2\",brown:\"#a52a2a\",burlywood:\"#deb887\",cadetblue:\"#5f9ea0\",chartreuse:\"#7fff00\",chocolate:\"#d2691e\",coral:\"#ff7f50\",cornflowerblue:\"#6495ed\",cornsilk:\"#fff8dc\",crimson:\"#dc143c\",cyan:\"#00ffff\",darkblue:\"#00008b\",darkcyan:\"#008b8b\",darkgoldenrod:\"#b8860b\",darkgray:\"#a9a9a9\",darkgreen:\"#006400\",\ndarkgrey:\"#a9a9a9\",darkkhaki:\"#bdb76b\",darkmagenta:\"#8b008b\",darkolivegreen:\"#556b2f\",darkorange:\"#ff8c00\",darkorchid:\"#9932cc\",darkred:\"#8b0000\",darksalmon:\"#e9967a\",darkseagreen:\"#8fbc8f\",darkslateblue:\"#483d8b\",darkslategray:\"#2f4f4f\",darkslategrey:\"#2f4f4f\",darkturquoise:\"#00ced1\",darkviolet:\"#9400d3\",deeppink:\"#ff1493\",deepskyblue:\"#00bfff\",dimgray:\"#696969\",dimgrey:\"#696969\",dodgerblue:\"#1e90ff\",firebrick:\"#b22222\",floralwhite:\"#fffaf0\",forestgreen:\"#228b22\",fuchsia:\"#ff00ff\",gainsboro:\"#dcdcdc\",\nghostwhite:\"#f8f8ff\",gold:\"#ffd700\",goldenrod:\"#daa520\",gray:\"#808080\",green:\"#008000\",greenyellow:\"#adff2f\",grey:\"#808080\",honeydew:\"#f0fff0\",hotpink:\"#ff69b4\",indianred:\"#cd5c5c\",indigo:\"#4b0082\",ivory:\"#fffff0\",khaki:\"#f0e68c\",lavender:\"#e6e6fa\",lavenderblush:\"#fff0f5\",lawngreen:\"#7cfc00\",lemonchiffon:\"#fffacd\",lightblue:\"#add8e6\",lightcoral:\"#f08080\",lightcyan:\"#e0ffff\",lightgoldenrodyellow:\"#fafad2\",lightgray:\"#d3d3d3\",lightgreen:\"#90ee90\",lightgrey:\"#d3d3d3\",lightpink:\"#ffb6c1\",lightsalmon:\"#ffa07a\",\nlightseagreen:\"#20b2aa\",lightskyblue:\"#87cefa\",lightslategray:\"#778899\",lightslategrey:\"#778899\",lightsteelblue:\"#b0c4de\",lightyellow:\"#ffffe0\",lime:\"#00ff00\",limegreen:\"#32cd32\",linen:\"#faf0e6\",magenta:\"#ff00ff\",maroon:\"#800000\",mediumaquamarine:\"#66cdaa\",mediumblue:\"#0000cd\",mediumorchid:\"#ba55d3\",mediumpurple:\"#9370db\",mediumseagreen:\"#3cb371\",mediumslateblue:\"#7b68ee\",mediumspringgreen:\"#00fa9a\",mediumturquoise:\"#48d1cc\",mediumvioletred:\"#c71585\",midnightblue:\"#191970\",mintcream:\"#f5fffa\",mistyrose:\"#ffe4e1\",\nmoccasin:\"#ffe4b5\",navajowhite:\"#ffdead\",navy:\"#000080\",oldlace:\"#fdf5e6\",olive:\"#808000\",olivedrab:\"#6b8e23\",orange:\"#ffa500\",orangered:\"#ff4500\",orchid:\"#da70d6\",palegoldenrod:\"#eee8aa\",palegreen:\"#98fb98\",paleturquoise:\"#afeeee\",palevioletred:\"#db7093\",papayawhip:\"#ffefd5\",peachpuff:\"#ffdab9\",peru:\"#cd853f\",pink:\"#ffc0cb\",plum:\"#dda0dd\",powderblue:\"#b0e0e6\",purple:\"#800080\",red:\"#ff0000\",rosybrown:\"#bc8f8f\",royalblue:\"#4169e1\",saddlebrown:\"#8b4513\",salmon:\"#fa8072\",sandybrown:\"#f4a460\",seagreen:\"#2e8b57\",\nseashell:\"#fff5ee\",sienna:\"#a0522d\",silver:\"#c0c0c0\",skyblue:\"#87ceeb\",slateblue:\"#6a5acd\",slategray:\"#708090\",slategrey:\"#708090\",snow:\"#fffafa\",springgreen:\"#00ff7f\",steelblue:\"#4682b4\",tan:\"#d2b48c\",teal:\"#008080\",thistle:\"#d8bfd8\",tomato:\"#ff6347\",turquoise:\"#40e0d0\",violet:\"#ee82ee\",wheat:\"#f5deb3\",white:\"#ffffff\",whitesmoke:\"#f5f5f5\",yellow:\"#ffff00\",yellowgreen:\"#9acd32\"};var ha=\"backgroundColor borderTopColor borderRightColor borderBottomColor borderLeftColor color outlineColor\".split(\" \"),ia=/#([0-9a-fA-F])([0-9a-fA-F])([0-9a-fA-F])/,ja=/^#(?:[0-9a-f]{3}){1,2}$/i,ka=/^(?:rgba)?\\((\\d{1,3}),\\s?(\\d{1,3}),\\s?(\\d{1,3}),\\s?(0|1|0\\.\\d*)\\)$/i,la=/^(?:rgb)?\\((0|[1-9]\\d{0,2}),\\s?(0|[1-9]\\d{0,2}),\\s?(0|[1-9]\\d{0,2})\\)$/i;function m(a,b){this.code=a;this.g=p[a]||q;this.message=b||\"\";a=this.g.replace(/((?:^|\\s+)[a-z])/g,function(c){return c.toUpperCase().replace(/^[\\s\\xa0]+/g,\"\")});b=a.length-5;if(b\u003C0||a.indexOf(\"Error\",b)!=b)a+=\"Error\";this.name=a;a=Error(this.message);a.name=this.name;this.stack=a.stack||\"\"}(function(){function a(){}a.prototype=Error.prototype;m.prototype=new a;m.prototype.constructor=m})();var q=\"unknown error\",p={15:\"element not selectable\",11:\"element not visible\"};p[31]=q;p[30]=q;p[24]=\"invalid cookie domain\";\np[29]=\"invalid element coordinates\";p[12]=\"invalid element state\";p[32]=\"invalid selector\";p[51]=\"invalid selector\";p[52]=\"invalid selector\";p[17]=\"javascript error\";p[405]=\"unsupported operation\";p[34]=\"move target out of bounds\";p[27]=\"no such alert\";p[7]=\"no such element\";p[8]=\"no such frame\";p[23]=\"no such window\";p[28]=\"script timeout\";p[33]=\"session not created\";p[10]=\"stale element reference\";p[21]=\"timeout\";p[25]=\"unable to set cookie\";p[26]=\"unexpected alert open\";p[13]=q;p[9]=\"unknown command\";var u=aa.i&&String.prototype.trim?function(a){return a.trim()}:function(a){return/^[\\s\\xa0]*([\\s\\S]*?)[\\s\\xa0]*$/.exec(a)[1]};\nfunction ma(a){var b=0;a=u(String(a)).split(\".\");for(var c=u(\"8\").split(\".\"),e=Math.max(a.length,c.length),d=0;b==0&&d\u003Ce;d++){var f=a[d]||\"\",h=c[d]||\"\";do{f=/(\\d*)(\\D*)(.*)/.exec(f)||[\"\",\"\",\"\",\"\"];h=/(\\d*)(\\D*)(.*)/.exec(h)||[\"\",\"\",\"\",\"\"];if(f[0].length==0&&h[0].length==0)break;b=w(f[1].length==0?0:parseInt(f[1],10),h[1].length==0?0:parseInt(h[1],10))||w(f[2].length==0,h[2].length==0)||w(f[2],h[2]);f=f[3];h=h[3]}while(b==0)}return b}function w(a,b){return a\u003Cb?-1:a>b?1:0};function x(){var a=g.navigator;return a&&(a=a.userAgent)?a:\"\"}function y(a){return x().indexOf(a)!=-1};function A(){return y(\"Firefox\")||y(\"FxiOS\")}function B(){return(y(\"Chrome\")||y(\"CriOS\"))&&!y(\"Edge\")||y(\"Silk\")};function na(a){return String(a).replace(/\\-([a-z])/g,function(b,c){return c.toUpperCase()})};function C(){return y(\"iPhone\")&&!y(\"iPod\")&&!y(\"iPad\")};function ra(a){var b=sa;return Object.prototype.hasOwnProperty.call(b,8)?b[8]:b[8]=a(8)};var ta=y(\"Opera\"),D=y(\"Trident\")||y(\"MSIE\"),ua=y(\"Edge\"),va=y(\"Gecko\")&&!(x().toLowerCase().indexOf(\"webkit\")!=-1&&!y(\"Edge\"))&&!(y(\"Trident\")||y(\"MSIE\"))&&!y(\"Edge\"),wa=x().toLowerCase().indexOf(\"webkit\")!=-1&&!y(\"Edge\");function xa(){var a=g.document;return a?a.documentMode:void 0}var E;\na:{var F=\"\",G=function(){var a=x();if(va)return/rv:([^\\);]+)(\\)|;)/.exec(a);if(ua)return/Edge\\/([\\d\\.]+)/.exec(a);if(D)return/\\b(?:MSIE|rv)[: ]([^\\);]+)(\\)|;)/.exec(a);if(wa)return/WebKit\\/(\\S+)/.exec(a);if(ta)return/(?:Version)[ \\/]?(\\S+)/.exec(a)}();G&&(F=G?G[1]:\"\");if(D){var H=xa();if(H!=null&&H>parseFloat(F)){E=String(H);break a}}E=F}var sa={};function ya(){return ra(function(){return ma(E)>=0})}var I;if(g.document&&D){var za=xa();I=za?za:parseInt(E,10)||void 0}else I=void 0;var Aa=I;var Ba=A(),Ca=C()||y(\"iPod\"),Da=y(\"iPad\"),Ea=y(\"Android\")&&!(B()||A()||y(\"Opera\")||y(\"Silk\")),Fa=B(),Ga=y(\"Safari\")&&!(B()||y(\"Coast\")||y(\"Opera\")||y(\"Edge\")||y(\"Edg/\")||y(\"OPR\")||A()||y(\"Silk\")||y(\"Android\"))&&!(C()||y(\"iPad\")||y(\"iPod\"));function J(a){return(a=a.exec(x()))?a[1]:\"\"}(function(){if(Ba)return J(/Firefox\\/([0-9.]+)/);if(D||ua||ta)return E;if(Fa){if(C()||y(\"iPad\")||y(\"iPod\")||y(\"Macintosh\")){var a=J(/CriOS\\/([0-9.]+)/);if(a)return a}return J(/Chrome\\/([0-9.]+)/)}if(Ga&&!(C()||y(\"iPad\")||y(\"iPod\")))return J(/Version\\/([0-9.]+)/);if(Ca||Da){if(a=/Version\\/(\\S+).*Mobile\\/(\\S+)/.exec(x()))return a[1]+\".\"+a[2]}else if(Ea)return(a=J(/Android\\s+([0-9.]+)/))?a:J(/Version\\/([0-9.]+)/);return\"\"})();var K;if(K=D)K=!(Number(Aa)>=9);var Ha=K;function L(a,b){this.x=a!==void 0?a:0;this.y=b!==void 0?b:0}L.prototype.ceil=function(){this.x=Math.ceil(this.x);this.y=Math.ceil(this.y);return this};L.prototype.floor=function(){this.x=Math.floor(this.x);this.y=Math.floor(this.y);return this};L.prototype.round=function(){this.x=Math.round(this.x);this.y=Math.round(this.y);return this};function M(a,b){this.width=a;this.height=b}M.prototype.aspectRatio=function(){return this.width/this.height};M.prototype.ceil=function(){this.width=Math.ceil(this.width);this.height=Math.ceil(this.height);return this};M.prototype.floor=function(){this.width=Math.floor(this.width);this.height=Math.floor(this.height);return this};M.prototype.round=function(){this.width=Math.round(this.width);this.height=Math.round(this.height);return this};function N(a){return a.nodeType==9?a:a.ownerDocument||a.document}function Ia(a,b){a&&(a=a.parentNode);for(var c=0;a;){if(b(a))return a;a=a.parentNode;c++}return null}function Ja(a){this.g=a||g.document||document};function O(a,b){b&&typeof b!==\"string\"&&(b=b.toString());return a instanceof HTMLFormElement?!!a&&a.nodeType==1&&(!b||\"FORM\"==b):!!a&&a.nodeType==1&&(!b||a.tagName.toUpperCase()==b)};function Q(a,b,c,e){this.top=a;this.g=b;this.h=c;this.left=e}Q.prototype.ceil=function(){this.top=Math.ceil(this.top);this.g=Math.ceil(this.g);this.h=Math.ceil(this.h);this.left=Math.ceil(this.left);return this};Q.prototype.floor=function(){this.top=Math.floor(this.top);this.g=Math.floor(this.g);this.h=Math.floor(this.h);this.left=Math.floor(this.left);return this};\nQ.prototype.round=function(){this.top=Math.round(this.top);this.g=Math.round(this.g);this.h=Math.round(this.h);this.left=Math.round(this.left);return this};function R(a,b,c,e){this.left=a;this.top=b;this.width=c;this.height=e}R.prototype.ceil=function(){this.left=Math.ceil(this.left);this.top=Math.ceil(this.top);this.width=Math.ceil(this.width);this.height=Math.ceil(this.height);return this};R.prototype.floor=function(){this.left=Math.floor(this.left);this.top=Math.floor(this.top);this.width=Math.floor(this.width);this.height=Math.floor(this.height);return this};\nR.prototype.round=function(){this.left=Math.round(this.left);this.top=Math.round(this.top);this.width=Math.round(this.width);this.height=Math.round(this.height);return this};var Ka=typeof ShadowRoot===\"function\";function S(a){for(a=a.parentNode;a&&a.nodeType!=1&&a.nodeType!=9&&a.nodeType!=11;)a=a.parentNode;return O(a)?a:null}\nfunction T(a,b){b=na(b);if(b==\"float\"||b==\"cssFloat\"||b==\"styleFloat\")b=Ha?\"styleFloat\":\"cssFloat\";a:{var c=b;var e=N(a);if(e.defaultView&&e.defaultView.getComputedStyle&&(e=e.defaultView.getComputedStyle(a,null))){c=e[c]||e.getPropertyValue(c)||\"\";break a}c=\"\"}a=c||La(a,b);if(a===null)a=null;else if(ca(ha,b)>=0){b:{var d=a.match(ka);if(d&&(b=Number(d[1]),c=Number(d[2]),e=Number(d[3]),d=Number(d[4]),b>=0&&b\u003C=255&&c>=0&&c\u003C=255&&e>=0&&e\u003C=255&&d>=0&&d\u003C=1)){b=[b,c,e,d];break b}b=null}if(!b)b:{if(e=a.match(la))if(b=\nNumber(e[1]),c=Number(e[2]),e=Number(e[3]),b>=0&&b\u003C=255&&c>=0&&c\u003C=255&&e>=0&&e\u003C=255){b=[b,c,e,1];break b}b=null}if(!b)b:{b=a.toLowerCase();c=fa[b.toLowerCase()];if(!c&&(c=b.charAt(0)==\"#\"?b:\"#\"+b,c.length==4&&(c=c.replace(ia,\"#$1$1$2$2$3$3\")),!ja.test(c))){b=null;break b}b=[parseInt(c.substr(1,2),16),parseInt(c.substr(3,2),16),parseInt(c.substr(5,2),16),1]}a=b?\"rgba(\"+b.join(\", \")+\")\":a}return a}\nfunction La(a,b){var c=a.currentStyle||a.style,e=c[b];e===void 0&&typeof c.getPropertyValue===\"function\"&&(e=c.getPropertyValue(b));return e!=\"inherit\"?e!==void 0?e:null:(a=S(a))?La(a,b):null}\nfunction U(a,b,c){function e(h){var n=V(h);if(n.height>0&&n.width>0)return!0;if(O(h,\"PATH\")&&(n.height>0||n.width>0))return h=T(h,\"stroke-width\"),!!h&&parseInt(h,10)>0;n=T(h,\"visibility\");return n!=\"collapse\"&&n!=\"hidden\"&&c(h)?T(h,\"overflow\")!=\"hidden\"&&da(h.childNodes,function(v){return v.nodeType==3?(v=v.nodeValue,/^[\\s]*$/.test(v)&&/[\\n\\r\\t]/.test(v)?!1:!0):O(v)&&e(v)}):!1}function d(h){return Ma(h)==W&&ea(h.childNodes,function(n){return!O(n)||d(n)||!e(n)})}if(!O(a))throw Error(\"Argument to isShown must be of type Element\");\nif(O(a,\"BODY\"))return!0;if(O(a,\"OPTION\")||O(a,\"OPTGROUP\"))return a=Ia(a,function(h){return O(h,\"SELECT\")}),!!a&&U(a,!0,c);var f=Na(a);if(f)return!!f.image&&f.rect.width>0&&f.rect.height>0&&U(f.image,b,c);if(O(a,\"INPUT\")&&a.type.toLowerCase()==\"hidden\"||O(a,\"NOSCRIPT\"))return!1;f=T(a,\"visibility\");return f!=\"collapse\"&&f!=\"hidden\"&&c(a)&&(b||Oa(a)!=0)&&e(a)?!d(a):!1}var W=\"hidden\";\nfunction Ma(a){function b(k){function l(ba){if(ba==h)return!0;var oa=T(ba,\"display\");return oa.lastIndexOf(\"inline\",0)==0||oa==\"contents\"||pa==\"absolute\"&&T(ba,\"position\")==\"static\"?!1:!0}var pa=T(k,\"position\");if(pa==\"fixed\")return qa=!0,k==h?null:h;for(k=S(k);k&&!l(k);)k=S(k);return k}function c(k){var l=k;if(v==\"visible\")if(k==h&&n)l=n;else if(k==n)return{x:\"visible\",y:\"visible\"};l={x:T(l,\"overflow-x\"),y:T(l,\"overflow-y\")};k==h&&(l.x=l.x==\"visible\"?\"auto\":l.x,l.y=l.y==\"visible\"?\"auto\":l.y);return l}\nfunction e(k){if(k==h){var l=(new Ja(f)).g;k=l.scrollingElement?l.scrollingElement:wa||l.compatMode!=\"CSS1Compat\"?l.body||l.documentElement:l.documentElement;l=l.parentWindow||l.defaultView;k=D&&l.pageYOffset!=k.scrollTop?new L(k.scrollLeft,k.scrollTop):new L(l.pageXOffset||k.scrollLeft,l.pageYOffset||k.scrollTop)}else k=new L(k.scrollLeft,k.scrollTop);return k}var d=Pa(a),f=N(a),h=f.documentElement,n=f.body,v=T(h,\"overflow\"),qa;for(a=b(a);a;a=b(a)){var r=c(a);if(r.x!=\"visible\"||r.y!=\"visible\"){var t=\nV(a);if(t.width==0||t.height==0)return W;var z=d.g\u003Ct.left,P=d.h\u003Ct.top;if(z&&r.x==\"hidden\"||P&&r.y==\"hidden\")return W;if(z&&r.x!=\"visible\"||P&&r.y!=\"visible\"){z=e(a);P=d.h\u003Ct.top-z.y;if(d.g\u003Ct.left-z.x&&r.x!=\"visible\"||P&&r.x!=\"visible\")return W;d=Ma(a);return d==W?W:\"scroll\"}z=d.left>=t.left+t.width;t=d.top>=t.top+t.height;if(z&&r.x==\"hidden\"||t&&r.y==\"hidden\")return W;if(z&&r.x!=\"visible\"||t&&r.y!=\"visible\"){if(qa&&(r=e(a),d.left>=h.scrollWidth-r.x||d.g>=h.scrollHeight-r.y))return W;d=Ma(a);return d==\nW?W:\"scroll\"}}}return\"none\"}\nfunction V(a){var b=Na(a);if(b)return b.rect;if(O(a,\"HTML\"))return a=N(a),a=((a?a.parentWindow||a.defaultView:window)||window).document,a=a.compatMode==\"CSS1Compat\"?a.documentElement:a.body,a=new M(a.clientWidth,a.clientHeight),new R(0,0,a.width,a.height);try{var c=a.getBoundingClientRect()}catch(e){return new R(0,0,0,0)}b=new R(c.left,c.top,c.right-c.left,c.bottom-c.top);D&&a.ownerDocument.body&&(a=N(a),b.left-=a.documentElement.clientLeft+a.body.clientLeft,b.top-=a.documentElement.clientTop+a.body.clientTop);\nreturn b}\nfunction Na(a){var b=O(a,\"MAP\");if(!b&&!O(a,\"AREA\"))return null;var c=b?a:O(a.parentNode,\"MAP\")?a.parentNode:null,e=null,d=null;if(c&&c.name){e='*[usemap=\"#'+c.name+'\"]';c=N(c);var f;if(f=typeof c.querySelector!==\"function\"&&D&&(D?ma(Aa)>=0:ya())){f=c.querySelector;var h=typeof f;f=!(h==\"object\"&&f!=null||h==\"function\")}if(f)throw Error(\"CSS selection is not supported\");if(!e)throw new m(32,\"No selector specified\");e=u(e);try{var n=c.querySelector(e)}catch(v){throw new m(32,\"An invalid or illegal selector was specified\");}if(e=\nn&&n.nodeType==1?n:null)d=V(e),b||a.shape.toLowerCase()==\"default\"||(a=Qa(a),b=Math.min(Math.max(a.left,0),d.width),n=Math.min(Math.max(a.top,0),d.height),d=new R(b+d.left,n+d.top,Math.min(a.width,d.width-b),Math.min(a.height,d.height-n)))}return{image:e,rect:d||new R(0,0,0,0)}}\nfunction Qa(a){var b=a.shape.toLowerCase();a=a.coords.split(\",\");if(b==\"rect\"&&a.length==4){b=a[0];var c=a[1];return new R(b,c,a[2]-b,a[3]-c)}if(b==\"circle\"&&a.length==3)return b=a[2],new R(a[0]-b,a[1]-b,2*b,2*b);if(b==\"poly\"&&a.length>2){b=a[0];c=a[1];for(var e=b,d=c,f=2;f+1\u003Ca.length;f+=2)b=Math.min(b,a[f]),e=Math.max(e,a[f]),c=Math.min(c,a[f+1]),d=Math.max(d,a[f+1]);return new R(b,c,e-b,d-c)}return new R(0,0,0,0)}function Pa(a){a=V(a);return new Q(a.top,a.left+a.width,a.top+a.height,a.left)}\nfunction Oa(a){if(Ha){if(T(a,\"position\")==\"relative\")return 1;a=T(a,\"filter\");return(a=a.match(/^alpha\\(opacity=(\\d*)\\)/)||a.match(/^progid:DXImageTransform.Microsoft.Alpha\\(Opacity=(\\d*)\\)/))?Number(a[1])/100:1}return Ra(a)}function Ra(a){var b=1,c=T(a,\"opacity\");c&&(b=Number(c));(a=S(a))&&(b*=Ra(a));return b};function Sa(a,b){function c(e){if(O(e)&&(T(e,\"display\")==\"none\"||T(e,\"content-visibility\")==\"hidden\"))return!1;var d;if((d=e.parentNode)&&d.shadowRoot&&e.assignedSlot!==void 0)d=e.assignedSlot?e.assignedSlot.parentNode:null;else if(e.getDestinationInsertionPoints){var f=e.getDestinationInsertionPoints();f.length>0&&(d=f[f.length-1])}if(Ka&&d instanceof ShadowRoot){if(d.host.shadowRoot&&d.host.shadowRoot!==d)return!1;d=d.host}return!d||d.nodeType!=9&&d.nodeType!=11?d&&O(d,\"DETAILS\")&&!d.open&&!O(e,\n\"SUMMARY\")?!1:!!d&&c(d):!0}return U(a,!!b,c)}var X=[\"se_exportedFunctionSymbol\"],Y=g;X[0]in Y||typeof Y.execScript==\"undefined\"||Y.execScript(\"var \"+X[0]);for(var Z;X.length&&(Z=X.shift());)X.length||Sa===void 0?Y[Z]&&Y[Z]!==Object.prototype[Z]?Y=Y[Z]:Y=Y[Z]={}:Y[Z]=Sa;; return this.se_exportedFunctionSymbol.apply(null,arguments);}).apply(window, arguments);}).apply(null, arguments)"
}
[1777323469.200][INFO]: Waiting for pending navigations...
[1777323469.203][INFO]: Done waiting for pending navigations. Status: ok
[1777323469.210][INFO]: Waiting for pending navigations...
[1777323469.210][INFO]: Done waiting for pending navigations. Status: ok
[1777323469.211][INFO]: [10cb6805956efcc7b7f40074bba5cd3b] RESPONSE ExecuteScript true
[1777323469.211][INFO]: [10cb6805956efcc7b7f40074bba5cd3b] COMMAND ExecuteScript {
   "args": [ {
      "ELEMENT": "f.F65CE7C7B916152EF8D57C4DDC0456A2.d.E4AC9EA99E220920DD5CAD9973350B9C.e.29",
      "element-6066-11e4-a52e-4f735466cecf": "f.F65CE7C7B916152EF8D57C4DDC0456A2.d.E4AC9EA99E220920DD5CAD9973350B9C.e.29"
   } ],
   "script": "arguments[0].scrollIntoView({ block: 'center', inline: 'center' })"
}
[1777323469.211][INFO]: Waiting for pending navigations...
[1777323469.212][INFO]: Done waiting for pending navigations. Status: ok
[1777323469.217][INFO]: Waiting for pending navigations...
[1777323469.217][INFO]: Done waiting for pending navigations. Status: ok
[1777323469.217][INFO]: [10cb6805956efcc7b7f40074bba5cd3b] RESPONSE ExecuteScript null
[1777323469.218][INFO]: [10cb6805956efcc7b7f40074bba5cd3b] COMMAND ClearElement {
   "id": "f.F65CE7C7B916152EF8D57C4DDC0456A2.d.E4AC9EA99E220920DD5CAD9973350B9C.e.29"
}
[1777323469.218][INFO]: Waiting for pending navigations...
[1777323469.219][INFO]: Done waiting for pending navigations. Status: ok
[1777323469.235][INFO]: 
	=== NOTE: ===
	The Clear command in ChromeDriver 2.43 and above
	has been updated to conform to the current standard,
	including raising blur event after clearing.

[1777323469.243][INFO]: Waiting for pending navigations...
[1777323469.243][INFO]: Done waiting for pending navigations. Status: ok
[1777323469.243][INFO]: [10cb6805956efcc7b7f40074bba5cd3b] RESPONSE ClearElement
[1777323469.244][INFO]: [10cb6805956efcc7b7f40074bba5cd3b] COMMAND ExecuteScript {
   "args": [ {
      "ELEMENT": "f.F65CE7C7B916152EF8D57C4DDC0456A2.d.E4AC9EA99E220920DD5CAD9973350B9C.e.29",
      "element-6066-11e4-a52e-4f735466cecf": "f.F65CE7C7B916152EF8D57C4DDC0456A2.d.E4AC9EA99E220920DD5CAD9973350B9C.e.29"
   } ],
   "script": "arguments[0].dispatchEvent(new Event('input', { bubbles: true }))"
}
[1777323469.244][INFO]: Waiting for pending navigations...
[1777323469.245][INFO]: Done waiting for pending navigations. Status: ok
[1777323469.247][INFO]: Waiting for pending navigations...
[1777323469.248][INFO]: Done waiting for pending navigations. Status: ok
[1777323469.248][INFO]: [10cb6805956efcc7b7f40074bba5cd3b] RESPONSE ExecuteScript null
[1777323469.249][INFO]: [10cb6805956efcc7b7f40074bba5cd3b] COMMAND TypeElement {
   "id": "f.F65CE7C7B916152EF8D57C4DDC0456A2.d.E4AC9EA99E220920DD5CAD9973350B9C.e.29",
   "text": "E2E validated wish",
   "value": [ "E", "2", "E", " ", "v", "a", "l", "i", "d", "a", "t", "e", "d", " ", "w", "i", "s", "h" ]
}
[1777323469.249][INFO]: Waiting for pending navigations...
[1777323469.249][INFO]: Done waiting for pending navigations. Status: ok
[1777323469.295][INFO]: Waiting for pending navigations...
[1777323469.296][INFO]: Done waiting for pending navigations. Status: ok
[1777323469.296][INFO]: [10cb6805956efcc7b7f40074bba5cd3b] RESPONSE TypeElement
[1777323469.297][INFO]: [10cb6805956efcc7b7f40074bba5cd3b] COMMAND FindElements {
   "using": "css selector",
   "value": "input[type=\"url\"]"
}
[1777323469.297][INFO]: Waiting for pending navigations...
[1777323469.298][INFO]: Done waiting for pending navigations. Status: ok
[1777323469.306][INFO]: Waiting for pending navigations...
[1777323469.306][INFO]: Done waiting for pending navigations. Status: ok
[1777323469.306][INFO]: [10cb6805956efcc7b7f40074bba5cd3b] RESPONSE FindElements [ {
   "element-6066-11e4-a52e-4f735466cecf": "f.F65CE7C7B916152EF8D57C4DDC0456A2.d.E4AC9EA99E220920DD5CAD9973350B9C.e.33"
} ]
[1777323469.308][INFO]: [10cb6805956efcc7b7f40074bba5cd3b] COMMAND ExecuteScript {
   "args": [ {
      "ELEMENT": "f.F65CE7C7B916152EF8D57C4DDC0456A2.d.E4AC9EA99E220920DD5CAD9973350B9C.e.33",
      "element-6066-11e4-a52e-4f735466cecf": "f.F65CE7C7B916152EF8D57C4DDC0456A2.d.E4AC9EA99E220920DD5CAD9973350B9C.e.33"
   } ],
   "script": "/* isDisplayed */return (function(){return (function(){/*\n\n Copyright The Closure Library Authors.\n Copyright The Closure Compiler Authors.\n SPDX-License-Identifier: Apache-2.0\n*/\nvar aa=aa||{},g=this||self;/*\n\n Copyright The Closure Library Authors.\n SPDX-License-Identifier: Apache-2.0\n*/\nvar ca=Array.prototype.indexOf?function(a,b){return Array.prototype.indexOf.call(a,b,void 0)}:function(a,b){if(typeof a===\"string\")return typeof b!==\"string\"||b.length!=1?-1:a.indexOf(b,0);for(var c=0;c\u003Ca.length;c++)if(c in a&&a[c]===b)return c;return-1},da=Array.prototype.some?function(a,b){return Array.prototype.some.call(a,b,void 0)}:function(a,b){for(var c=a.length,e=typeof a===\"string\"?a.split(\"\"):a,d=0;d\u003Cc;d++)if(d in e&&b.call(void 0,e[d],d,a))return!0;return!1},ea=Array.prototype.every?function(a,\nb){return Array.prototype.every.call(a,b,void 0)}:function(a,b){for(var c=a.length,e=typeof a===\"string\"?a.split(\"\"):a,d=0;d\u003Cc;d++)if(d in e&&!b.call(void 0,e[d],d,a))return!1;return!0};var fa={aliceblue:\"#f0f8ff\",antiquewhite:\"#faebd7\",aqua:\"#00ffff\",aquamarine:\"#7fffd4\",azure:\"#f0ffff\",beige:\"#f5f5dc\",bisque:\"#ffe4c4\",black:\"#000000\",blanchedalmond:\"#ffebcd\",blue:\"#0000ff\",blueviolet:\"#8a2be2\",brown:\"#a52a2a\",burlywood:\"#deb887\",cadetblue:\"#5f9ea0\",chartreuse:\"#7fff00\",chocolate:\"#d2691e\",coral:\"#ff7f50\",cornflowerblue:\"#6495ed\",cornsilk:\"#fff8dc\",crimson:\"#dc143c\",cyan:\"#00ffff\",darkblue:\"#00008b\",darkcyan:\"#008b8b\",darkgoldenrod:\"#b8860b\",darkgray:\"#a9a9a9\",darkgreen:\"#006400\",\ndarkgrey:\"#a9a9a9\",darkkhaki:\"#bdb76b\",darkmagenta:\"#8b008b\",darkolivegreen:\"#556b2f\",darkorange:\"#ff8c00\",darkorchid:\"#9932cc\",darkred:\"#8b0000\",darksalmon:\"#e9967a\",darkseagreen:\"#8fbc8f\",darkslateblue:\"#483d8b\",darkslategray:\"#2f4f4f\",darkslategrey:\"#2f4f4f\",darkturquoise:\"#00ced1\",darkviolet:\"#9400d3\",deeppink:\"#ff1493\",deepskyblue:\"#00bfff\",dimgray:\"#696969\",dimgrey:\"#696969\",dodgerblue:\"#1e90ff\",firebrick:\"#b22222\",floralwhite:\"#fffaf0\",forestgreen:\"#228b22\",fuchsia:\"#ff00ff\",gainsboro:\"#dcdcdc\",\nghostwhite:\"#f8f8ff\",gold:\"#ffd700\",goldenrod:\"#daa520\",gray:\"#808080\",green:\"#008000\",greenyellow:\"#adff2f\",grey:\"#808080\",honeydew:\"#f0fff0\",hotpink:\"#ff69b4\",indianred:\"#cd5c5c\",indigo:\"#4b0082\",ivory:\"#fffff0\",khaki:\"#f0e68c\",lavender:\"#e6e6fa\",lavenderblush:\"#fff0f5\",lawngreen:\"#7cfc00\",lemonchiffon:\"#fffacd\",lightblue:\"#add8e6\",lightcoral:\"#f08080\",lightcyan:\"#e0ffff\",lightgoldenrodyellow:\"#fafad2\",lightgray:\"#d3d3d3\",lightgreen:\"#90ee90\",lightgrey:\"#d3d3d3\",lightpink:\"#ffb6c1\",lightsalmon:\"#ffa07a\",\nlightseagreen:\"#20b2aa\",lightskyblue:\"#87cefa\",lightslategray:\"#778899\",lightslategrey:\"#778899\",lightsteelblue:\"#b0c4de\",lightyellow:\"#ffffe0\",lime:\"#00ff00\",limegreen:\"#32cd32\",linen:\"#faf0e6\",magenta:\"#ff00ff\",maroon:\"#800000\",mediumaquamarine:\"#66cdaa\",mediumblue:\"#0000cd\",mediumorchid:\"#ba55d3\",mediumpurple:\"#9370db\",mediumseagreen:\"#3cb371\",mediumslateblue:\"#7b68ee\",mediumspringgreen:\"#00fa9a\",mediumturquoise:\"#48d1cc\",mediumvioletred:\"#c71585\",midnightblue:\"#191970\",mintcream:\"#f5fffa\",mistyrose:\"#ffe4e1\",\nmoccasin:\"#ffe4b5\",navajowhite:\"#ffdead\",navy:\"#000080\",oldlace:\"#fdf5e6\",olive:\"#808000\",olivedrab:\"#6b8e23\",orange:\"#ffa500\",orangered:\"#ff4500\",orchid:\"#da70d6\",palegoldenrod:\"#eee8aa\",palegreen:\"#98fb98\",paleturquoise:\"#afeeee\",palevioletred:\"#db7093\",papayawhip:\"#ffefd5\",peachpuff:\"#ffdab9\",peru:\"#cd853f\",pink:\"#ffc0cb\",plum:\"#dda0dd\",powderblue:\"#b0e0e6\",purple:\"#800080\",red:\"#ff0000\",rosybrown:\"#bc8f8f\",royalblue:\"#4169e1\",saddlebrown:\"#8b4513\",salmon:\"#fa8072\",sandybrown:\"#f4a460\",seagreen:\"#2e8b57\",\nseashell:\"#fff5ee\",sienna:\"#a0522d\",silver:\"#c0c0c0\",skyblue:\"#87ceeb\",slateblue:\"#6a5acd\",slategray:\"#708090\",slategrey:\"#708090\",snow:\"#fffafa\",springgreen:\"#00ff7f\",steelblue:\"#4682b4\",tan:\"#d2b48c\",teal:\"#008080\",thistle:\"#d8bfd8\",tomato:\"#ff6347\",turquoise:\"#40e0d0\",violet:\"#ee82ee\",wheat:\"#f5deb3\",white:\"#ffffff\",whitesmoke:\"#f5f5f5\",yellow:\"#ffff00\",yellowgreen:\"#9acd32\"};var ha=\"backgroundColor borderTopColor borderRightColor borderBottomColor borderLeftColor color outlineColor\".split(\" \"),ia=/#([0-9a-fA-F])([0-9a-fA-F])([0-9a-fA-F])/,ja=/^#(?:[0-9a-f]{3}){1,2}$/i,ka=/^(?:rgba)?\\((\\d{1,3}),\\s?(\\d{1,3}),\\s?(\\d{1,3}),\\s?(0|1|0\\.\\d*)\\)$/i,la=/^(?:rgb)?\\((0|[1-9]\\d{0,2}),\\s?(0|[1-9]\\d{0,2}),\\s?(0|[1-9]\\d{0,2})\\)$/i;function m(a,b){this.code=a;this.g=p[a]||q;this.message=b||\"\";a=this.g.replace(/((?:^|\\s+)[a-z])/g,function(c){return c.toUpperCase().replace(/^[\\s\\xa0]+/g,\"\")});b=a.length-5;if(b\u003C0||a.indexOf(\"Error\",b)!=b)a+=\"Error\";this.name=a;a=Error(this.message);a.name=this.name;this.stack=a.stack||\"\"}(function(){function a(){}a.prototype=Error.prototype;m.prototype=new a;m.prototype.constructor=m})();var q=\"unknown error\",p={15:\"element not selectable\",11:\"element not visible\"};p[31]=q;p[30]=q;p[24]=\"invalid cookie domain\";\np[29]=\"invalid element coordinates\";p[12]=\"invalid element state\";p[32]=\"invalid selector\";p[51]=\"invalid selector\";p[52]=\"invalid selector\";p[17]=\"javascript error\";p[405]=\"unsupported operation\";p[34]=\"move target out of bounds\";p[27]=\"no such alert\";p[7]=\"no such element\";p[8]=\"no such frame\";p[23]=\"no such window\";p[28]=\"script timeout\";p[33]=\"session not created\";p[10]=\"stale element reference\";p[21]=\"timeout\";p[25]=\"unable to set cookie\";p[26]=\"unexpected alert open\";p[13]=q;p[9]=\"unknown command\";var u=aa.i&&String.prototype.trim?function(a){return a.trim()}:function(a){return/^[\\s\\xa0]*([\\s\\S]*?)[\\s\\xa0]*$/.exec(a)[1]};\nfunction ma(a){var b=0;a=u(String(a)).split(\".\");for(var c=u(\"8\").split(\".\"),e=Math.max(a.length,c.length),d=0;b==0&&d\u003Ce;d++){var f=a[d]||\"\",h=c[d]||\"\";do{f=/(\\d*)(\\D*)(.*)/.exec(f)||[\"\",\"\",\"\",\"\"];h=/(\\d*)(\\D*)(.*)/.exec(h)||[\"\",\"\",\"\",\"\"];if(f[0].length==0&&h[0].length==0)break;b=w(f[1].length==0?0:parseInt(f[1],10),h[1].length==0?0:parseInt(h[1],10))||w(f[2].length==0,h[2].length==0)||w(f[2],h[2]);f=f[3];h=h[3]}while(b==0)}return b}function w(a,b){return a\u003Cb?-1:a>b?1:0};function x(){var a=g.navigator;return a&&(a=a.userAgent)?a:\"\"}function y(a){return x().indexOf(a)!=-1};function A(){return y(\"Firefox\")||y(\"FxiOS\")}function B(){return(y(\"Chrome\")||y(\"CriOS\"))&&!y(\"Edge\")||y(\"Silk\")};function na(a){return String(a).replace(/\\-([a-z])/g,function(b,c){return c.toUpperCase()})};function C(){return y(\"iPhone\")&&!y(\"iPod\")&&!y(\"iPad\")};function ra(a){var b=sa;return Object.prototype.hasOwnProperty.call(b,8)?b[8]:b[8]=a(8)};var ta=y(\"Opera\"),D=y(\"Trident\")||y(\"MSIE\"),ua=y(\"Edge\"),va=y(\"Gecko\")&&!(x().toLowerCase().indexOf(\"webkit\")!=-1&&!y(\"Edge\"))&&!(y(\"Trident\")||y(\"MSIE\"))&&!y(\"Edge\"),wa=x().toLowerCase().indexOf(\"webkit\")!=-1&&!y(\"Edge\");function xa(){var a=g.document;return a?a.documentMode:void 0}var E;\na:{var F=\"\",G=function(){var a=x();if(va)return/rv:([^\\);]+)(\\)|;)/.exec(a);if(ua)return/Edge\\/([\\d\\.]+)/.exec(a);if(D)return/\\b(?:MSIE|rv)[: ]([^\\);]+)(\\)|;)/.exec(a);if(wa)return/WebKit\\/(\\S+)/.exec(a);if(ta)return/(?:Version)[ \\/]?(\\S+)/.exec(a)}();G&&(F=G?G[1]:\"\");if(D){var H=xa();if(H!=null&&H>parseFloat(F)){E=String(H);break a}}E=F}var sa={};function ya(){return ra(function(){return ma(E)>=0})}var I;if(g.document&&D){var za=xa();I=za?za:parseInt(E,10)||void 0}else I=void 0;var Aa=I;var Ba=A(),Ca=C()||y(\"iPod\"),Da=y(\"iPad\"),Ea=y(\"Android\")&&!(B()||A()||y(\"Opera\")||y(\"Silk\")),Fa=B(),Ga=y(\"Safari\")&&!(B()||y(\"Coast\")||y(\"Opera\")||y(\"Edge\")||y(\"Edg/\")||y(\"OPR\")||A()||y(\"Silk\")||y(\"Android\"))&&!(C()||y(\"iPad\")||y(\"iPod\"));function J(a){return(a=a.exec(x()))?a[1]:\"\"}(function(){if(Ba)return J(/Firefox\\/([0-9.]+)/);if(D||ua||ta)return E;if(Fa){if(C()||y(\"iPad\")||y(\"iPod\")||y(\"Macintosh\")){var a=J(/CriOS\\/([0-9.]+)/);if(a)return a}return J(/Chrome\\/([0-9.]+)/)}if(Ga&&!(C()||y(\"iPad\")||y(\"iPod\")))return J(/Version\\/([0-9.]+)/);if(Ca||Da){if(a=/Version\\/(\\S+).*Mobile\\/(\\S+)/.exec(x()))return a[1]+\".\"+a[2]}else if(Ea)return(a=J(/Android\\s+([0-9.]+)/))?a:J(/Version\\/([0-9.]+)/);return\"\"})();var K;if(K=D)K=!(Number(Aa)>=9);var Ha=K;function L(a,b){this.x=a!==void 0?a:0;this.y=b!==void 0?b:0}L.prototype.ceil=function(){this.x=Math.ceil(this.x);this.y=Math.ceil(this.y);return this};L.prototype.floor=function(){this.x=Math.floor(this.x);this.y=Math.floor(this.y);return this};L.prototype.round=function(){this.x=Math.round(this.x);this.y=Math.round(this.y);return this};function M(a,b){this.width=a;this.height=b}M.prototype.aspectRatio=function(){return this.width/this.height};M.prototype.ceil=function(){this.width=Math.ceil(this.width);this.height=Math.ceil(this.height);return this};M.prototype.floor=function(){this.width=Math.floor(this.width);this.height=Math.floor(this.height);return this};M.prototype.round=function(){this.width=Math.round(this.width);this.height=Math.round(this.height);return this};function N(a){return a.nodeType==9?a:a.ownerDocument||a.document}function Ia(a,b){a&&(a=a.parentNode);for(var c=0;a;){if(b(a))return a;a=a.parentNode;c++}return null}function Ja(a){this.g=a||g.document||document};function O(a,b){b&&typeof b!==\"string\"&&(b=b.toString());return a instanceof HTMLFormElement?!!a&&a.nodeType==1&&(!b||\"FORM\"==b):!!a&&a.nodeType==1&&(!b||a.tagName.toUpperCase()==b)};function Q(a,b,c,e){this.top=a;this.g=b;this.h=c;this.left=e}Q.prototype.ceil=function(){this.top=Math.ceil(this.top);this.g=Math.ceil(this.g);this.h=Math.ceil(this.h);this.left=Math.ceil(this.left);return this};Q.prototype.floor=function(){this.top=Math.floor(this.top);this.g=Math.floor(this.g);this.h=Math.floor(this.h);this.left=Math.floor(this.left);return this};\nQ.prototype.round=function(){this.top=Math.round(this.top);this.g=Math.round(this.g);this.h=Math.round(this.h);this.left=Math.round(this.left);return this};function R(a,b,c,e){this.left=a;this.top=b;this.width=c;this.height=e}R.prototype.ceil=function(){this.left=Math.ceil(this.left);this.top=Math.ceil(this.top);this.width=Math.ceil(this.width);this.height=Math.ceil(this.height);return this};R.prototype.floor=function(){this.left=Math.floor(this.left);this.top=Math.floor(this.top);this.width=Math.floor(this.width);this.height=Math.floor(this.height);return this};\nR.prototype.round=function(){this.left=Math.round(this.left);this.top=Math.round(this.top);this.width=Math.round(this.width);this.height=Math.round(this.height);return this};var Ka=typeof ShadowRoot===\"function\";function S(a){for(a=a.parentNode;a&&a.nodeType!=1&&a.nodeType!=9&&a.nodeType!=11;)a=a.parentNode;return O(a)?a:null}\nfunction T(a,b){b=na(b);if(b==\"float\"||b==\"cssFloat\"||b==\"styleFloat\")b=Ha?\"styleFloat\":\"cssFloat\";a:{var c=b;var e=N(a);if(e.defaultView&&e.defaultView.getComputedStyle&&(e=e.defaultView.getComputedStyle(a,null))){c=e[c]||e.getPropertyValue(c)||\"\";break a}c=\"\"}a=c||La(a,b);if(a===null)a=null;else if(ca(ha,b)>=0){b:{var d=a.match(ka);if(d&&(b=Number(d[1]),c=Number(d[2]),e=Number(d[3]),d=Number(d[4]),b>=0&&b\u003C=255&&c>=0&&c\u003C=255&&e>=0&&e\u003C=255&&d>=0&&d\u003C=1)){b=[b,c,e,d];break b}b=null}if(!b)b:{if(e=a.match(la))if(b=\nNumber(e[1]),c=Number(e[2]),e=Number(e[3]),b>=0&&b\u003C=255&&c>=0&&c\u003C=255&&e>=0&&e\u003C=255){b=[b,c,e,1];break b}b=null}if(!b)b:{b=a.toLowerCase();c=fa[b.toLowerCase()];if(!c&&(c=b.charAt(0)==\"#\"?b:\"#\"+b,c.length==4&&(c=c.replace(ia,\"#$1$1$2$2$3$3\")),!ja.test(c))){b=null;break b}b=[parseInt(c.substr(1,2),16),parseInt(c.substr(3,2),16),parseInt(c.substr(5,2),16),1]}a=b?\"rgba(\"+b.join(\", \")+\")\":a}return a}\nfunction La(a,b){var c=a.currentStyle||a.style,e=c[b];e===void 0&&typeof c.getPropertyValue===\"function\"&&(e=c.getPropertyValue(b));return e!=\"inherit\"?e!==void 0?e:null:(a=S(a))?La(a,b):null}\nfunction U(a,b,c){function e(h){var n=V(h);if(n.height>0&&n.width>0)return!0;if(O(h,\"PATH\")&&(n.height>0||n.width>0))return h=T(h,\"stroke-width\"),!!h&&parseInt(h,10)>0;n=T(h,\"visibility\");return n!=\"collapse\"&&n!=\"hidden\"&&c(h)?T(h,\"overflow\")!=\"hidden\"&&da(h.childNodes,function(v){return v.nodeType==3?(v=v.nodeValue,/^[\\s]*$/.test(v)&&/[\\n\\r\\t]/.test(v)?!1:!0):O(v)&&e(v)}):!1}function d(h){return Ma(h)==W&&ea(h.childNodes,function(n){return!O(n)||d(n)||!e(n)})}if(!O(a))throw Error(\"Argument to isShown must be of type Element\");\nif(O(a,\"BODY\"))return!0;if(O(a,\"OPTION\")||O(a,\"OPTGROUP\"))return a=Ia(a,function(h){return O(h,\"SELECT\")}),!!a&&U(a,!0,c);var f=Na(a);if(f)return!!f.image&&f.rect.width>0&&f.rect.height>0&&U(f.image,b,c);if(O(a,\"INPUT\")&&a.type.toLowerCase()==\"hidden\"||O(a,\"NOSCRIPT\"))return!1;f=T(a,\"visibility\");return f!=\"collapse\"&&f!=\"hidden\"&&c(a)&&(b||Oa(a)!=0)&&e(a)?!d(a):!1}var W=\"hidden\";\nfunction Ma(a){function b(k){function l(ba){if(ba==h)return!0;var oa=T(ba,\"display\");return oa.lastIndexOf(\"inline\",0)==0||oa==\"contents\"||pa==\"absolute\"&&T(ba,\"position\")==\"static\"?!1:!0}var pa=T(k,\"position\");if(pa==\"fixed\")return qa=!0,k==h?null:h;for(k=S(k);k&&!l(k);)k=S(k);return k}function c(k){var l=k;if(v==\"visible\")if(k==h&&n)l=n;else if(k==n)return{x:\"visible\",y:\"visible\"};l={x:T(l,\"overflow-x\"),y:T(l,\"overflow-y\")};k==h&&(l.x=l.x==\"visible\"?\"auto\":l.x,l.y=l.y==\"visible\"?\"auto\":l.y);return l}\nfunction e(k){if(k==h){var l=(new Ja(f)).g;k=l.scrollingElement?l.scrollingElement:wa||l.compatMode!=\"CSS1Compat\"?l.body||l.documentElement:l.documentElement;l=l.parentWindow||l.defaultView;k=D&&l.pageYOffset!=k.scrollTop?new L(k.scrollLeft,k.scrollTop):new L(l.pageXOffset||k.scrollLeft,l.pageYOffset||k.scrollTop)}else k=new L(k.scrollLeft,k.scrollTop);return k}var d=Pa(a),f=N(a),h=f.documentElement,n=f.body,v=T(h,\"overflow\"),qa;for(a=b(a);a;a=b(a)){var r=c(a);if(r.x!=\"visible\"||r.y!=\"visible\"){var t=\nV(a);if(t.width==0||t.height==0)return W;var z=d.g\u003Ct.left,P=d.h\u003Ct.top;if(z&&r.x==\"hidden\"||P&&r.y==\"hidden\")return W;if(z&&r.x!=\"visible\"||P&&r.y!=\"visible\"){z=e(a);P=d.h\u003Ct.top-z.y;if(d.g\u003Ct.left-z.x&&r.x!=\"visible\"||P&&r.x!=\"visible\")return W;d=Ma(a);return d==W?W:\"scroll\"}z=d.left>=t.left+t.width;t=d.top>=t.top+t.height;if(z&&r.x==\"hidden\"||t&&r.y==\"hidden\")return W;if(z&&r.x!=\"visible\"||t&&r.y!=\"visible\"){if(qa&&(r=e(a),d.left>=h.scrollWidth-r.x||d.g>=h.scrollHeight-r.y))return W;d=Ma(a);return d==\nW?W:\"scroll\"}}}return\"none\"}\nfunction V(a){var b=Na(a);if(b)return b.rect;if(O(a,\"HTML\"))return a=N(a),a=((a?a.parentWindow||a.defaultView:window)||window).document,a=a.compatMode==\"CSS1Compat\"?a.documentElement:a.body,a=new M(a.clientWidth,a.clientHeight),new R(0,0,a.width,a.height);try{var c=a.getBoundingClientRect()}catch(e){return new R(0,0,0,0)}b=new R(c.left,c.top,c.right-c.left,c.bottom-c.top);D&&a.ownerDocument.body&&(a=N(a),b.left-=a.documentElement.clientLeft+a.body.clientLeft,b.top-=a.documentElement.clientTop+a.body.clientTop);\nreturn b}\nfunction Na(a){var b=O(a,\"MAP\");if(!b&&!O(a,\"AREA\"))return null;var c=b?a:O(a.parentNode,\"MAP\")?a.parentNode:null,e=null,d=null;if(c&&c.name){e='*[usemap=\"#'+c.name+'\"]';c=N(c);var f;if(f=typeof c.querySelector!==\"function\"&&D&&(D?ma(Aa)>=0:ya())){f=c.querySelector;var h=typeof f;f=!(h==\"object\"&&f!=null||h==\"function\")}if(f)throw Error(\"CSS selection is not supported\");if(!e)throw new m(32,\"No selector specified\");e=u(e);try{var n=c.querySelector(e)}catch(v){throw new m(32,\"An invalid or illegal selector was specified\");}if(e=\nn&&n.nodeType==1?n:null)d=V(e),b||a.shape.toLowerCase()==\"default\"||(a=Qa(a),b=Math.min(Math.max(a.left,0),d.width),n=Math.min(Math.max(a.top,0),d.height),d=new R(b+d.left,n+d.top,Math.min(a.width,d.width-b),Math.min(a.height,d.height-n)))}return{image:e,rect:d||new R(0,0,0,0)}}\nfunction Qa(a){var b=a.shape.toLowerCase();a=a.coords.split(\",\");if(b==\"rect\"&&a.length==4){b=a[0];var c=a[1];return new R(b,c,a[2]-b,a[3]-c)}if(b==\"circle\"&&a.length==3)return b=a[2],new R(a[0]-b,a[1]-b,2*b,2*b);if(b==\"poly\"&&a.length>2){b=a[0];c=a[1];for(var e=b,d=c,f=2;f+1\u003Ca.length;f+=2)b=Math.min(b,a[f]),e=Math.max(e,a[f]),c=Math.min(c,a[f+1]),d=Math.max(d,a[f+1]);return new R(b,c,e-b,d-c)}return new R(0,0,0,0)}function Pa(a){a=V(a);return new Q(a.top,a.left+a.width,a.top+a.height,a.left)}\nfunction Oa(a){if(Ha){if(T(a,\"position\")==\"relative\")return 1;a=T(a,\"filter\");return(a=a.match(/^alpha\\(opacity=(\\d*)\\)/)||a.match(/^progid:DXImageTransform.Microsoft.Alpha\\(Opacity=(\\d*)\\)/))?Number(a[1])/100:1}return Ra(a)}function Ra(a){var b=1,c=T(a,\"opacity\");c&&(b=Number(c));(a=S(a))&&(b*=Ra(a));return b};function Sa(a,b){function c(e){if(O(e)&&(T(e,\"display\")==\"none\"||T(e,\"content-visibility\")==\"hidden\"))return!1;var d;if((d=e.parentNode)&&d.shadowRoot&&e.assignedSlot!==void 0)d=e.assignedSlot?e.assignedSlot.parentNode:null;else if(e.getDestinationInsertionPoints){var f=e.getDestinationInsertionPoints();f.length>0&&(d=f[f.length-1])}if(Ka&&d instanceof ShadowRoot){if(d.host.shadowRoot&&d.host.shadowRoot!==d)return!1;d=d.host}return!d||d.nodeType!=9&&d.nodeType!=11?d&&O(d,\"DETAILS\")&&!d.open&&!O(e,\n\"SUMMARY\")?!1:!!d&&c(d):!0}return U(a,!!b,c)}var X=[\"se_exportedFunctionSymbol\"],Y=g;X[0]in Y||typeof Y.execScript==\"undefined\"||Y.execScript(\"var \"+X[0]);for(var Z;X.length&&(Z=X.shift());)X.length||Sa===void 0?Y[Z]&&Y[Z]!==Object.prototype[Z]?Y=Y[Z]:Y=Y[Z]={}:Y[Z]=Sa;; return this.se_exportedFunctionSymbol.apply(null,arguments);}).apply(window, arguments);}).apply(null, arguments)"
}
[1777323469.308][INFO]: Waiting for pending navigations...
[1777323469.308][INFO]: Done waiting for pending navigations. Status: ok
[1777323469.312][INFO]: Waiting for pending navigations...
[1777323469.312][INFO]: Done waiting for pending navigations. Status: ok
[1777323469.313][INFO]: [10cb6805956efcc7b7f40074bba5cd3b] RESPONSE ExecuteScript true
[1777323469.313][INFO]: [10cb6805956efcc7b7f40074bba5cd3b] COMMAND ExecuteScript {
   "args": [ {
      "ELEMENT": "f.F65CE7C7B916152EF8D57C4DDC0456A2.d.E4AC9EA99E220920DD5CAD9973350B9C.e.33",
      "element-6066-11e4-a52e-4f735466cecf": "f.F65CE7C7B916152EF8D57C4DDC0456A2.d.E4AC9EA99E220920DD5CAD9973350B9C.e.33"
   } ],
   "script": "arguments[0].scrollIntoView({ block: 'center', inline: 'center' })"
}
[1777323469.313][INFO]: Waiting for pending navigations...
[1777323469.314][INFO]: Done waiting for pending navigations. Status: ok
[1777323469.317][INFO]: Waiting for pending navigations...
[1777323469.318][INFO]: Done waiting for pending navigations. Status: ok
[1777323469.318][INFO]: [10cb6805956efcc7b7f40074bba5cd3b] RESPONSE ExecuteScript null
[1777323469.319][INFO]: [10cb6805956efcc7b7f40074bba5cd3b] COMMAND ClearElement {
   "id": "f.F65CE7C7B916152EF8D57C4DDC0456A2.d.E4AC9EA99E220920DD5CAD9973350B9C.e.33"
}
[1777323469.319][INFO]: Waiting for pending navigations...
[1777323469.319][INFO]: Done waiting for pending navigations. Status: ok
[1777323469.334][INFO]: Waiting for pending navigations...
[1777323469.334][INFO]: Done waiting for pending navigations. Status: ok
[1777323469.334][INFO]: [10cb6805956efcc7b7f40074bba5cd3b] RESPONSE ClearElement
[1777323469.335][INFO]: [10cb6805956efcc7b7f40074bba5cd3b] COMMAND ExecuteScript {
   "args": [ {
      "ELEMENT": "f.F65CE7C7B916152EF8D57C4DDC0456A2.d.E4AC9EA99E220920DD5CAD9973350B9C.e.33",
      "element-6066-11e4-a52e-4f735466cecf": "f.F65CE7C7B916152EF8D57C4DDC0456A2.d.E4AC9EA99E220920DD5CAD9973350B9C.e.33"
   } ],
   "script": "arguments[0].dispatchEvent(new Event('input', { bubbles: true }))"
}
[1777323469.335][INFO]: Waiting for pending navigations...
[1777323469.336][INFO]: Done waiting for pending navigations. Status: ok
[1777323469.339][INFO]: Waiting for pending navigations...
[1777323469.339][INFO]: Done waiting for pending navigations. Status: ok
[1777323469.339][INFO]: [10cb6805956efcc7b7f40074bba5cd3b] RESPONSE ExecuteScript null
[1777323469.340][INFO]: [10cb6805956efcc7b7f40074bba5cd3b] COMMAND TypeElement {
   "id": "f.F65CE7C7B916152EF8D57C4DDC0456A2.d.E4AC9EA99E220920DD5CAD9973350B9C.e.33",
   "text": "invalid-url",
   "value": [ "i", "n", "v", "a", "l", "i", "d", "-", "u", "r", "l" ]
}
[1777323469.340][INFO]: Waiting for pending navigations...
[1777323469.341][INFO]: Done waiting for pending navigations. Status: ok
[1777323469.372][INFO]: Waiting for pending navigations...
[1777323469.372][INFO]: Done waiting for pending navigations. Status: ok
[1777323469.372][INFO]: [10cb6805956efcc7b7f40074bba5cd3b] RESPONSE TypeElement
[1777323469.373][INFO]: [10cb6805956efcc7b7f40074bba5cd3b] COMMAND FindElements {
   "using": "xpath",
   "value": "//*[self::button or self::a or self::label or @role='button'][contains(normalize-space(.), 'Сохранить')]"
}
[1777323469.373][INFO]: Waiting for pending navigations...
[1777323469.374][INFO]: Done waiting for pending navigations. Status: ok
[1777323469.381][INFO]: Waiting for pending navigations...
[1777323469.382][INFO]: Done waiting for pending navigations. Status: ok
[1777323469.382][INFO]: [10cb6805956efcc7b7f40074bba5cd3b] RESPONSE FindElements [ {
   "element-6066-11e4-a52e-4f735466cecf": "f.F65CE7C7B916152EF8D57C4DDC0456A2.d.E4AC9EA99E220920DD5CAD9973350B9C.e.45"
} ]
[1777323469.383][INFO]: [10cb6805956efcc7b7f40074bba5cd3b] COMMAND FindElements {
   "using": "xpath",
   "value": "//*[self::button or self::a or self::label or @role='button'][contains(normalize-space(.), 'Сохранить')]"
}
[1777323469.383][INFO]: Waiting for pending navigations...
[1777323469.384][INFO]: Done waiting for pending navigations. Status: ok
[1777323469.388][INFO]: Waiting for pending navigations...
[1777323469.389][INFO]: Done waiting for pending navigations. Status: ok
[1777323469.389][INFO]: [10cb6805956efcc7b7f40074bba5cd3b] RESPONSE FindElements [ {
   "element-6066-11e4-a52e-4f735466cecf": "f.F65CE7C7B916152EF8D57C4DDC0456A2.d.E4AC9EA99E220920DD5CAD9973350B9C.e.45"
} ]
[1777323469.391][INFO]: [10cb6805956efcc7b7f40074bba5cd3b] COMMAND ExecuteScript {
   "args": [ {
      "ELEMENT": "f.F65CE7C7B916152EF8D57C4DDC0456A2.d.E4AC9EA99E220920DD5CAD9973350B9C.e.45",
      "element-6066-11e4-a52e-4f735466cecf": "f.F65CE7C7B916152EF8D57C4DDC0456A2.d.E4AC9EA99E220920DD5CAD9973350B9C.e.45"
   } ],
   "script": "/* isDisplayed */return (function(){return (function(){/*\n\n Copyright The Closure Library Authors.\n Copyright The Closure Compiler Authors.\n SPDX-License-Identifier: Apache-2.0\n*/\nvar aa=aa||{},g=this||self;/*\n\n Copyright The Closure Library Authors.\n SPDX-License-Identifier: Apache-2.0\n*/\nvar ca=Array.prototype.indexOf?function(a,b){return Array.prototype.indexOf.call(a,b,void 0)}:function(a,b){if(typeof a===\"string\")return typeof b!==\"string\"||b.length!=1?-1:a.indexOf(b,0);for(var c=0;c\u003Ca.length;c++)if(c in a&&a[c]===b)return c;return-1},da=Array.prototype.some?function(a,b){return Array.prototype.some.call(a,b,void 0)}:function(a,b){for(var c=a.length,e=typeof a===\"string\"?a.split(\"\"):a,d=0;d\u003Cc;d++)if(d in e&&b.call(void 0,e[d],d,a))return!0;return!1},ea=Array.prototype.every?function(a,\nb){return Array.prototype.every.call(a,b,void 0)}:function(a,b){for(var c=a.length,e=typeof a===\"string\"?a.split(\"\"):a,d=0;d\u003Cc;d++)if(d in e&&!b.call(void 0,e[d],d,a))return!1;return!0};var fa={aliceblue:\"#f0f8ff\",antiquewhite:\"#faebd7\",aqua:\"#00ffff\",aquamarine:\"#7fffd4\",azure:\"#f0ffff\",beige:\"#f5f5dc\",bisque:\"#ffe4c4\",black:\"#000000\",blanchedalmond:\"#ffebcd\",blue:\"#0000ff\",blueviolet:\"#8a2be2\",brown:\"#a52a2a\",burlywood:\"#deb887\",cadetblue:\"#5f9ea0\",chartreuse:\"#7fff00\",chocolate:\"#d2691e\",coral:\"#ff7f50\",cornflowerblue:\"#6495ed\",cornsilk:\"#fff8dc\",crimson:\"#dc143c\",cyan:\"#00ffff\",darkblue:\"#00008b\",darkcyan:\"#008b8b\",darkgoldenrod:\"#b8860b\",darkgray:\"#a9a9a9\",darkgreen:\"#006400\",\ndarkgrey:\"#a9a9a9\",darkkhaki:\"#bdb76b\",darkmagenta:\"#8b008b\",darkolivegreen:\"#556b2f\",darkorange:\"#ff8c00\",darkorchid:\"#9932cc\",darkred:\"#8b0000\",darksalmon:\"#e9967a\",darkseagreen:\"#8fbc8f\",darkslateblue:\"#483d8b\",darkslategray:\"#2f4f4f\",darkslategrey:\"#2f4f4f\",darkturquoise:\"#00ced1\",darkviolet:\"#9400d3\",deeppink:\"#ff1493\",deepskyblue:\"#00bfff\",dimgray:\"#696969\",dimgrey:\"#696969\",dodgerblue:\"#1e90ff\",firebrick:\"#b22222\",floralwhite:\"#fffaf0\",forestgreen:\"#228b22\",fuchsia:\"#ff00ff\",gainsboro:\"#dcdcdc\",\nghostwhite:\"#f8f8ff\",gold:\"#ffd700\",goldenrod:\"#daa520\",gray:\"#808080\",green:\"#008000\",greenyellow:\"#adff2f\",grey:\"#808080\",honeydew:\"#f0fff0\",hotpink:\"#ff69b4\",indianred:\"#cd5c5c\",indigo:\"#4b0082\",ivory:\"#fffff0\",khaki:\"#f0e68c\",lavender:\"#e6e6fa\",lavenderblush:\"#fff0f5\",lawngreen:\"#7cfc00\",lemonchiffon:\"#fffacd\",lightblue:\"#add8e6\",lightcoral:\"#f08080\",lightcyan:\"#e0ffff\",lightgoldenrodyellow:\"#fafad2\",lightgray:\"#d3d3d3\",lightgreen:\"#90ee90\",lightgrey:\"#d3d3d3\",lightpink:\"#ffb6c1\",lightsalmon:\"#ffa07a\",\nlightseagreen:\"#20b2aa\",lightskyblue:\"#87cefa\",lightslategray:\"#778899\",lightslategrey:\"#778899\",lightsteelblue:\"#b0c4de\",lightyellow:\"#ffffe0\",lime:\"#00ff00\",limegreen:\"#32cd32\",linen:\"#faf0e6\",magenta:\"#ff00ff\",maroon:\"#800000\",mediumaquamarine:\"#66cdaa\",mediumblue:\"#0000cd\",mediumorchid:\"#ba55d3\",mediumpurple:\"#9370db\",mediumseagreen:\"#3cb371\",mediumslateblue:\"#7b68ee\",mediumspringgreen:\"#00fa9a\",mediumturquoise:\"#48d1cc\",mediumvioletred:\"#c71585\",midnightblue:\"#191970\",mintcream:\"#f5fffa\",mistyrose:\"#ffe4e1\",\nmoccasin:\"#ffe4b5\",navajowhite:\"#ffdead\",navy:\"#000080\",oldlace:\"#fdf5e6\",olive:\"#808000\",olivedrab:\"#6b8e23\",orange:\"#ffa500\",orangered:\"#ff4500\",orchid:\"#da70d6\",palegoldenrod:\"#eee8aa\",palegreen:\"#98fb98\",paleturquoise:\"#afeeee\",palevioletred:\"#db7093\",papayawhip:\"#ffefd5\",peachpuff:\"#ffdab9\",peru:\"#cd853f\",pink:\"#ffc0cb\",plum:\"#dda0dd\",powderblue:\"#b0e0e6\",purple:\"#800080\",red:\"#ff0000\",rosybrown:\"#bc8f8f\",royalblue:\"#4169e1\",saddlebrown:\"#8b4513\",salmon:\"#fa8072\",sandybrown:\"#f4a460\",seagreen:\"#2e8b57\",\nseashell:\"#fff5ee\",sienna:\"#a0522d\",silver:\"#c0c0c0\",skyblue:\"#87ceeb\",slateblue:\"#6a5acd\",slategray:\"#708090\",slategrey:\"#708090\",snow:\"#fffafa\",springgreen:\"#00ff7f\",steelblue:\"#4682b4\",tan:\"#d2b48c\",teal:\"#008080\",thistle:\"#d8bfd8\",tomato:\"#ff6347\",turquoise:\"#40e0d0\",violet:\"#ee82ee\",wheat:\"#f5deb3\",white:\"#ffffff\",whitesmoke:\"#f5f5f5\",yellow:\"#ffff00\",yellowgreen:\"#9acd32\"};var ha=\"backgroundColor borderTopColor borderRightColor borderBottomColor borderLeftColor color outlineColor\".split(\" \"),ia=/#([0-9a-fA-F])([0-9a-fA-F])([0-9a-fA-F])/,ja=/^#(?:[0-9a-f]{3}){1,2}$/i,ka=/^(?:rgba)?\\((\\d{1,3}),\\s?(\\d{1,3}),\\s?(\\d{1,3}),\\s?(0|1|0\\.\\d*)\\)$/i,la=/^(?:rgb)?\\((0|[1-9]\\d{0,2}),\\s?(0|[1-9]\\d{0,2}),\\s?(0|[1-9]\\d{0,2})\\)$/i;function m(a,b){this.code=a;this.g=p[a]||q;this.message=b||\"\";a=this.g.replace(/((?:^|\\s+)[a-z])/g,function(c){return c.toUpperCase().replace(/^[\\s\\xa0]+/g,\"\")});b=a.length-5;if(b\u003C0||a.indexOf(\"Error\",b)!=b)a+=\"Error\";this.name=a;a=Error(this.message);a.name=this.name;this.stack=a.stack||\"\"}(function(){function a(){}a.prototype=Error.prototype;m.prototype=new a;m.prototype.constructor=m})();var q=\"unknown error\",p={15:\"element not selectable\",11:\"element not visible\"};p[31]=q;p[30]=q;p[24]=\"invalid cookie domain\";\np[29]=\"invalid element coordinates\";p[12]=\"invalid element state\";p[32]=\"invalid selector\";p[51]=\"invalid selector\";p[52]=\"invalid selector\";p[17]=\"javascript error\";p[405]=\"unsupported operation\";p[34]=\"move target out of bounds\";p[27]=\"no such alert\";p[7]=\"no such element\";p[8]=\"no such frame\";p[23]=\"no such window\";p[28]=\"script timeout\";p[33]=\"session not created\";p[10]=\"stale element reference\";p[21]=\"timeout\";p[25]=\"unable to set cookie\";p[26]=\"unexpected alert open\";p[13]=q;p[9]=\"unknown command\";var u=aa.i&&String.prototype.trim?function(a){return a.trim()}:function(a){return/^[\\s\\xa0]*([\\s\\S]*?)[\\s\\xa0]*$/.exec(a)[1]};\nfunction ma(a){var b=0;a=u(String(a)).split(\".\");for(var c=u(\"8\").split(\".\"),e=Math.max(a.length,c.length),d=0;b==0&&d\u003Ce;d++){var f=a[d]||\"\",h=c[d]||\"\";do{f=/(\\d*)(\\D*)(.*)/.exec(f)||[\"\",\"\",\"\",\"\"];h=/(\\d*)(\\D*)(.*)/.exec(h)||[\"\",\"\",\"\",\"\"];if(f[0].length==0&&h[0].length==0)break;b=w(f[1].length==0?0:parseInt(f[1],10),h[1].length==0?0:parseInt(h[1],10))||w(f[2].length==0,h[2].length==0)||w(f[2],h[2]);f=f[3];h=h[3]}while(b==0)}return b}function w(a,b){return a\u003Cb?-1:a>b?1:0};function x(){var a=g.navigator;return a&&(a=a.userAgent)?a:\"\"}function y(a){return x().indexOf(a)!=-1};function A(){return y(\"Firefox\")||y(\"FxiOS\")}function B(){return(y(\"Chrome\")||y(\"CriOS\"))&&!y(\"Edge\")||y(\"Silk\")};function na(a){return String(a).replace(/\\-([a-z])/g,function(b,c){return c.toUpperCase()})};function C(){return y(\"iPhone\")&&!y(\"iPod\")&&!y(\"iPad\")};function ra(a){var b=sa;return Object.prototype.hasOwnProperty.call(b,8)?b[8]:b[8]=a(8)};var ta=y(\"Opera\"),D=y(\"Trident\")||y(\"MSIE\"),ua=y(\"Edge\"),va=y(\"Gecko\")&&!(x().toLowerCase().indexOf(\"webkit\")!=-1&&!y(\"Edge\"))&&!(y(\"Trident\")||y(\"MSIE\"))&&!y(\"Edge\"),wa=x().toLowerCase().indexOf(\"webkit\")!=-1&&!y(\"Edge\");function xa(){var a=g.document;return a?a.documentMode:void 0}var E;\na:{var F=\"\",G=function(){var a=x();if(va)return/rv:([^\\);]+)(\\)|;)/.exec(a);if(ua)return/Edge\\/([\\d\\.]+)/.exec(a);if(D)return/\\b(?:MSIE|rv)[: ]([^\\);]+)(\\)|;)/.exec(a);if(wa)return/WebKit\\/(\\S+)/.exec(a);if(ta)return/(?:Version)[ \\/]?(\\S+)/.exec(a)}();G&&(F=G?G[1]:\"\");if(D){var H=xa();if(H!=null&&H>parseFloat(F)){E=String(H);break a}}E=F}var sa={};function ya(){return ra(function(){return ma(E)>=0})}var I;if(g.document&&D){var za=xa();I=za?za:parseInt(E,10)||void 0}else I=void 0;var Aa=I;var Ba=A(),Ca=C()||y(\"iPod\"),Da=y(\"iPad\"),Ea=y(\"Android\")&&!(B()||A()||y(\"Opera\")||y(\"Silk\")),Fa=B(),Ga=y(\"Safari\")&&!(B()||y(\"Coast\")||y(\"Opera\")||y(\"Edge\")||y(\"Edg/\")||y(\"OPR\")||A()||y(\"Silk\")||y(\"Android\"))&&!(C()||y(\"iPad\")||y(\"iPod\"));function J(a){return(a=a.exec(x()))?a[1]:\"\"}(function(){if(Ba)return J(/Firefox\\/([0-9.]+)/);if(D||ua||ta)return E;if(Fa){if(C()||y(\"iPad\")||y(\"iPod\")||y(\"Macintosh\")){var a=J(/CriOS\\/([0-9.]+)/);if(a)return a}return J(/Chrome\\/([0-9.]+)/)}if(Ga&&!(C()||y(\"iPad\")||y(\"iPod\")))return J(/Version\\/([0-9.]+)/);if(Ca||Da){if(a=/Version\\/(\\S+).*Mobile\\/(\\S+)/.exec(x()))return a[1]+\".\"+a[2]}else if(Ea)return(a=J(/Android\\s+([0-9.]+)/))?a:J(/Version\\/([0-9.]+)/);return\"\"})();var K;if(K=D)K=!(Number(Aa)>=9);var Ha=K;function L(a,b){this.x=a!==void 0?a:0;this.y=b!==void 0?b:0}L.prototype.ceil=function(){this.x=Math.ceil(this.x);this.y=Math.ceil(this.y);return this};L.prototype.floor=function(){this.x=Math.floor(this.x);this.y=Math.floor(this.y);return this};L.prototype.round=function(){this.x=Math.round(this.x);this.y=Math.round(this.y);return this};function M(a,b){this.width=a;this.height=b}M.prototype.aspectRatio=function(){return this.width/this.height};M.prototype.ceil=function(){this.width=Math.ceil(this.width);this.height=Math.ceil(this.height);return this};M.prototype.floor=function(){this.width=Math.floor(this.width);this.height=Math.floor(this.height);return this};M.prototype.round=function(){this.width=Math.round(this.width);this.height=Math.round(this.height);return this};function N(a){return a.nodeType==9?a:a.ownerDocument||a.document}function Ia(a,b){a&&(a=a.parentNode);for(var c=0;a;){if(b(a))return a;a=a.parentNode;c++}return null}function Ja(a){this.g=a||g.document||document};function O(a,b){b&&typeof b!==\"string\"&&(b=b.toString());return a instanceof HTMLFormElement?!!a&&a.nodeType==1&&(!b||\"FORM\"==b):!!a&&a.nodeType==1&&(!b||a.tagName.toUpperCase()==b)};function Q(a,b,c,e){this.top=a;this.g=b;this.h=c;this.left=e}Q.prototype.ceil=function(){this.top=Math.ceil(this.top);this.g=Math.ceil(this.g);this.h=Math.ceil(this.h);this.left=Math.ceil(this.left);return this};Q.prototype.floor=function(){this.top=Math.floor(this.top);this.g=Math.floor(this.g);this.h=Math.floor(this.h);this.left=Math.floor(this.left);return this};\nQ.prototype.round=function(){this.top=Math.round(this.top);this.g=Math.round(this.g);this.h=Math.round(this.h);this.left=Math.round(this.left);return this};function R(a,b,c,e){this.left=a;this.top=b;this.width=c;this.height=e}R.prototype.ceil=function(){this.left=Math.ceil(this.left);this.top=Math.ceil(this.top);this.width=Math.ceil(this.width);this.height=Math.ceil(this.height);return this};R.prototype.floor=function(){this.left=Math.floor(this.left);this.top=Math.floor(this.top);this.width=Math.floor(this.width);this.height=Math.floor(this.height);return this};\nR.prototype.round=function(){this.left=Math.round(this.left);this.top=Math.round(this.top);this.width=Math.round(this.width);this.height=Math.round(this.height);return this};var Ka=typeof ShadowRoot===\"function\";function S(a){for(a=a.parentNode;a&&a.nodeType!=1&&a.nodeType!=9&&a.nodeType!=11;)a=a.parentNode;return O(a)?a:null}\nfunction T(a,b){b=na(b);if(b==\"float\"||b==\"cssFloat\"||b==\"styleFloat\")b=Ha?\"styleFloat\":\"cssFloat\";a:{var c=b;var e=N(a);if(e.defaultView&&e.defaultView.getComputedStyle&&(e=e.defaultView.getComputedStyle(a,null))){c=e[c]||e.getPropertyValue(c)||\"\";break a}c=\"\"}a=c||La(a,b);if(a===null)a=null;else if(ca(ha,b)>=0){b:{var d=a.match(ka);if(d&&(b=Number(d[1]),c=Number(d[2]),e=Number(d[3]),d=Number(d[4]),b>=0&&b\u003C=255&&c>=0&&c\u003C=255&&e>=0&&e\u003C=255&&d>=0&&d\u003C=1)){b=[b,c,e,d];break b}b=null}if(!b)b:{if(e=a.match(la))if(b=\nNumber(e[1]),c=Number(e[2]),e=Number(e[3]),b>=0&&b\u003C=255&&c>=0&&c\u003C=255&&e>=0&&e\u003C=255){b=[b,c,e,1];break b}b=null}if(!b)b:{b=a.toLowerCase();c=fa[b.toLowerCase()];if(!c&&(c=b.charAt(0)==\"#\"?b:\"#\"+b,c.length==4&&(c=c.replace(ia,\"#$1$1$2$2$3$3\")),!ja.test(c))){b=null;break b}b=[parseInt(c.substr(1,2),16),parseInt(c.substr(3,2),16),parseInt(c.substr(5,2),16),1]}a=b?\"rgba(\"+b.join(\", \")+\")\":a}return a}\nfunction La(a,b){var c=a.currentStyle||a.style,e=c[b];e===void 0&&typeof c.getPropertyValue===\"function\"&&(e=c.getPropertyValue(b));return e!=\"inherit\"?e!==void 0?e:null:(a=S(a))?La(a,b):null}\nfunction U(a,b,c){function e(h){var n=V(h);if(n.height>0&&n.width>0)return!0;if(O(h,\"PATH\")&&(n.height>0||n.width>0))return h=T(h,\"stroke-width\"),!!h&&parseInt(h,10)>0;n=T(h,\"visibility\");return n!=\"collapse\"&&n!=\"hidden\"&&c(h)?T(h,\"overflow\")!=\"hidden\"&&da(h.childNodes,function(v){return v.nodeType==3?(v=v.nodeValue,/^[\\s]*$/.test(v)&&/[\\n\\r\\t]/.test(v)?!1:!0):O(v)&&e(v)}):!1}function d(h){return Ma(h)==W&&ea(h.childNodes,function(n){return!O(n)||d(n)||!e(n)})}if(!O(a))throw Error(\"Argument to isShown must be of type Element\");\nif(O(a,\"BODY\"))return!0;if(O(a,\"OPTION\")||O(a,\"OPTGROUP\"))return a=Ia(a,function(h){return O(h,\"SELECT\")}),!!a&&U(a,!0,c);var f=Na(a);if(f)return!!f.image&&f.rect.width>0&&f.rect.height>0&&U(f.image,b,c);if(O(a,\"INPUT\")&&a.type.toLowerCase()==\"hidden\"||O(a,\"NOSCRIPT\"))return!1;f=T(a,\"visibility\");return f!=\"collapse\"&&f!=\"hidden\"&&c(a)&&(b||Oa(a)!=0)&&e(a)?!d(a):!1}var W=\"hidden\";\nfunction Ma(a){function b(k){function l(ba){if(ba==h)return!0;var oa=T(ba,\"display\");return oa.lastIndexOf(\"inline\",0)==0||oa==\"contents\"||pa==\"absolute\"&&T(ba,\"position\")==\"static\"?!1:!0}var pa=T(k,\"position\");if(pa==\"fixed\")return qa=!0,k==h?null:h;for(k=S(k);k&&!l(k);)k=S(k);return k}function c(k){var l=k;if(v==\"visible\")if(k==h&&n)l=n;else if(k==n)return{x:\"visible\",y:\"visible\"};l={x:T(l,\"overflow-x\"),y:T(l,\"overflow-y\")};k==h&&(l.x=l.x==\"visible\"?\"auto\":l.x,l.y=l.y==\"visible\"?\"auto\":l.y);return l}\nfunction e(k){if(k==h){var l=(new Ja(f)).g;k=l.scrollingElement?l.scrollingElement:wa||l.compatMode!=\"CSS1Compat\"?l.body||l.documentElement:l.documentElement;l=l.parentWindow||l.defaultView;k=D&&l.pageYOffset!=k.scrollTop?new L(k.scrollLeft,k.scrollTop):new L(l.pageXOffset||k.scrollLeft,l.pageYOffset||k.scrollTop)}else k=new L(k.scrollLeft,k.scrollTop);return k}var d=Pa(a),f=N(a),h=f.documentElement,n=f.body,v=T(h,\"overflow\"),qa;for(a=b(a);a;a=b(a)){var r=c(a);if(r.x!=\"visible\"||r.y!=\"visible\"){var t=\nV(a);if(t.width==0||t.height==0)return W;var z=d.g\u003Ct.left,P=d.h\u003Ct.top;if(z&&r.x==\"hidden\"||P&&r.y==\"hidden\")return W;if(z&&r.x!=\"visible\"||P&&r.y!=\"visible\"){z=e(a);P=d.h\u003Ct.top-z.y;if(d.g\u003Ct.left-z.x&&r.x!=\"visible\"||P&&r.x!=\"visible\")return W;d=Ma(a);return d==W?W:\"scroll\"}z=d.left>=t.left+t.width;t=d.top>=t.top+t.height;if(z&&r.x==\"hidden\"||t&&r.y==\"hidden\")return W;if(z&&r.x!=\"visible\"||t&&r.y!=\"visible\"){if(qa&&(r=e(a),d.left>=h.scrollWidth-r.x||d.g>=h.scrollHeight-r.y))return W;d=Ma(a);return d==\nW?W:\"scroll\"}}}return\"none\"}\nfunction V(a){var b=Na(a);if(b)return b.rect;if(O(a,\"HTML\"))return a=N(a),a=((a?a.parentWindow||a.defaultView:window)||window).document,a=a.compatMode==\"CSS1Compat\"?a.documentElement:a.body,a=new M(a.clientWidth,a.clientHeight),new R(0,0,a.width,a.height);try{var c=a.getBoundingClientRect()}catch(e){return new R(0,0,0,0)}b=new R(c.left,c.top,c.right-c.left,c.bottom-c.top);D&&a.ownerDocument.body&&(a=N(a),b.left-=a.documentElement.clientLeft+a.body.clientLeft,b.top-=a.documentElement.clientTop+a.body.clientTop);\nreturn b}\nfunction Na(a){var b=O(a,\"MAP\");if(!b&&!O(a,\"AREA\"))return null;var c=b?a:O(a.parentNode,\"MAP\")?a.parentNode:null,e=null,d=null;if(c&&c.name){e='*[usemap=\"#'+c.name+'\"]';c=N(c);var f;if(f=typeof c.querySelector!==\"function\"&&D&&(D?ma(Aa)>=0:ya())){f=c.querySelector;var h=typeof f;f=!(h==\"object\"&&f!=null||h==\"function\")}if(f)throw Error(\"CSS selection is not supported\");if(!e)throw new m(32,\"No selector specified\");e=u(e);try{var n=c.querySelector(e)}catch(v){throw new m(32,\"An invalid or illegal selector was specified\");}if(e=\nn&&n.nodeType==1?n:null)d=V(e),b||a.shape.toLowerCase()==\"default\"||(a=Qa(a),b=Math.min(Math.max(a.left,0),d.width),n=Math.min(Math.max(a.top,0),d.height),d=new R(b+d.left,n+d.top,Math.min(a.width,d.width-b),Math.min(a.height,d.height-n)))}return{image:e,rect:d||new R(0,0,0,0)}}\nfunction Qa(a){var b=a.shape.toLowerCase();a=a.coords.split(\",\");if(b==\"rect\"&&a.length==4){b=a[0];var c=a[1];return new R(b,c,a[2]-b,a[3]-c)}if(b==\"circle\"&&a.length==3)return b=a[2],new R(a[0]-b,a[1]-b,2*b,2*b);if(b==\"poly\"&&a.length>2){b=a[0];c=a[1];for(var e=b,d=c,f=2;f+1\u003Ca.length;f+=2)b=Math.min(b,a[f]),e=Math.max(e,a[f]),c=Math.min(c,a[f+1]),d=Math.max(d,a[f+1]);return new R(b,c,e-b,d-c)}return new R(0,0,0,0)}function Pa(a){a=V(a);return new Q(a.top,a.left+a.width,a.top+a.height,a.left)}\nfunction Oa(a){if(Ha){if(T(a,\"position\")==\"relative\")return 1;a=T(a,\"filter\");return(a=a.match(/^alpha\\(opacity=(\\d*)\\)/)||a.match(/^progid:DXImageTransform.Microsoft.Alpha\\(Opacity=(\\d*)\\)/))?Number(a[1])/100:1}return Ra(a)}function Ra(a){var b=1,c=T(a,\"opacity\");c&&(b=Number(c));(a=S(a))&&(b*=Ra(a));return b};function Sa(a,b){function c(e){if(O(e)&&(T(e,\"display\")==\"none\"||T(e,\"content-visibility\")==\"hidden\"))return!1;var d;if((d=e.parentNode)&&d.shadowRoot&&e.assignedSlot!==void 0)d=e.assignedSlot?e.assignedSlot.parentNode:null;else if(e.getDestinationInsertionPoints){var f=e.getDestinationInsertionPoints();f.length>0&&(d=f[f.length-1])}if(Ka&&d instanceof ShadowRoot){if(d.host.shadowRoot&&d.host.shadowRoot!==d)return!1;d=d.host}return!d||d.nodeType!=9&&d.nodeType!=11?d&&O(d,\"DETAILS\")&&!d.open&&!O(e,\n\"SUMMARY\")?!1:!!d&&c(d):!0}return U(a,!!b,c)}var X=[\"se_exportedFunctionSymbol\"],Y=g;X[0]in Y||typeof Y.execScript==\"undefined\"||Y.execScript(\"var \"+X[0]);for(var Z;X.length&&(Z=X.shift());)X.length||Sa===void 0?Y[Z]&&Y[Z]!==Object.prototype[Z]?Y=Y[Z]:Y=Y[Z]={}:Y[Z]=Sa;; return this.se_exportedFunctionSymbol.apply(null,arguments);}).apply(window, arguments);}).apply(null, arguments)"
}
[1777323469.391][INFO]: Waiting for pending navigations...
[1777323469.392][INFO]: Done waiting for pending navigations. Status: ok
[1777323469.396][INFO]: Waiting for pending navigations...
[1777323469.396][INFO]: Done waiting for pending navigations. Status: ok
[1777323469.396][INFO]: [10cb6805956efcc7b7f40074bba5cd3b] RESPONSE ExecuteScript true
[1777323469.397][INFO]: [10cb6805956efcc7b7f40074bba5cd3b] COMMAND ExecuteScript {
   "args": [ {
      "ELEMENT": "f.F65CE7C7B916152EF8D57C4DDC0456A2.d.E4AC9EA99E220920DD5CAD9973350B9C.e.45",
      "element-6066-11e4-a52e-4f735466cecf": "f.F65CE7C7B916152EF8D57C4DDC0456A2.d.E4AC9EA99E220920DD5CAD9973350B9C.e.45"
   } ],
   "script": "arguments[0].scrollIntoView({ block: 'center', inline: 'center' })"
}
[1777323469.397][INFO]: Waiting for pending navigations...
[1777323469.397][INFO]: Done waiting for pending navigations. Status: ok
[1777323469.401][INFO]: Waiting for pending navigations...
[1777323469.401][INFO]: Done waiting for pending navigations. Status: ok
[1777323469.401][INFO]: [10cb6805956efcc7b7f40074bba5cd3b] RESPONSE ExecuteScript null
[1777323469.516][INFO]: [10cb6805956efcc7b7f40074bba5cd3b] COMMAND ClickElement {
   "id": "f.F65CE7C7B916152EF8D57C4DDC0456A2.d.E4AC9EA99E220920DD5CAD9973350B9C.e.45"
}
[1777323469.517][INFO]: Waiting for pending navigations...
[1777323469.518][INFO]: Done waiting for pending navigations. Status: ok
[1777323469.564][INFO]: Waiting for pending navigations...
[1777323469.565][INFO]: Done waiting for pending navigations. Status: ok
[1777323469.565][INFO]: [10cb6805956efcc7b7f40074bba5cd3b] RESPONSE ClickElement
[1777323469.566][INFO]: [10cb6805956efcc7b7f40074bba5cd3b] COMMAND FindElements {
   "using": "xpath",
   "value": "//*[contains(normalize-space(.), 'http://') or contains(normalize-space(.), 'https://') or contains(normalize-space(.), 'URL')]"
}
[1777323469.566][INFO]: Waiting for pending navigations...
[1777323469.567][INFO]: Done waiting for pending navigations. Status: ok
[1777323469.581][INFO]: Waiting for pending navigations...
[1777323469.581][INFO]: Done waiting for pending navigations. Status: ok
[1777323469.582][INFO]: [10cb6805956efcc7b7f40074bba5cd3b] RESPONSE FindElements [ {
   "element-6066-11e4-a52e-4f735466cecf": "f.F65CE7C7B916152EF8D57C4DDC0456A2.d.E4AC9EA99E220920DD5CAD9973350B9C.e.50"
}, {
   "element-6066-11e4-a52e-4f735466cecf": "f.F65CE7C7B916152EF8D57C4DDC0456A2.d.E4AC9EA99E220920DD5CAD9973350B9C.e.38"
}, {
   "element-6066-11e4-a52e-4f735466cecf": "f.F65CE7C7B916152EF8D57C4DDC0456A2.d.E4AC9EA99E220920DD5CAD9973350B9C.e.51"
}, {
   "element-6066-11e4-a52e-4f735466cecf": "f.F65CE7C7B916152EF8D57C4DDC0456A2.d.E4AC9EA99E220920DD5CAD9973350B9C.e.52"
}, {
   "element-6066-11e4-a52e-4f735466cecf": "f.F65CE7C7B916152EF8D57C4DDC0456A2.d.E4AC9EA99E220920DD5CAD9973350B9C.e.53"
}, {
   "element-6066-11e4-a52e-4f735466cecf": "f.F65CE7C7B916152EF8D57C4DDC0456A2.d.E4AC9EA99E220920DD5CAD9973350B9C.e.54"
}, {
   "element-6066-11e4-a52e-4f735466cecf": "f.F65CE7C7B916152EF8D57C4DDC0456A2.d.E4AC9EA99E220920DD5CAD9973350B9C.e.55"
}, {
   "element-6066-11e4-a52e-4f735466cecf": "f.F65CE7C7B916152EF8D57C4DDC0456A2.d.E4AC9EA99E220920DD5CAD9973350B9C.e.56"
}, {
   "element-6066-11e4-a52e-4f735466cecf": "f.F65CE7C7B916152EF8D57C4DDC0456A2.d.E4AC9EA99E220920DD5CAD9973350B9C.e.57"
}, {
   "element-6066-11e4-a52e-4f735466cecf": "f.F65CE7C7B916152EF8D57C4DDC0456A2.d.E4AC9EA99E220920DD5CAD9973350B9C.e.58"
}, {
   "element-6066-11e4-a52e-4f735466cecf": "f.F65CE7C7B916152EF8D57C4DDC0456A2.d.E4AC9EA99E220920DD5CAD9973350B9C.e.59"
} ]
[1777323469.582][INFO]: [10cb6805956efcc7b7f40074bba5cd3b] COMMAND FindElement {
   "using": "xpath",
   "value": "//*[contains(normalize-space(.), 'http://') or contains(normalize-space(.), 'https://') or contains(normalize-space(.), 'URL')]"
}
[1777323469.582][INFO]: Waiting for pending navigations...
[1777323469.583][INFO]: Done waiting for pending navigations. Status: ok
[1777323469.596][INFO]: Waiting for pending navigations...
[1777323469.597][INFO]: Done waiting for pending navigations. Status: ok
[1777323469.597][INFO]: [10cb6805956efcc7b7f40074bba5cd3b] RESPONSE FindElement {
   "element-6066-11e4-a52e-4f735466cecf": "f.F65CE7C7B916152EF8D57C4DDC0456A2.d.E4AC9EA99E220920DD5CAD9973350B9C.e.50"
}
[1777323469.598][INFO]: [10cb6805956efcc7b7f40074bba5cd3b] COMMAND Quit {
}
[1777323469.641][INFO]: [10cb6805956efcc7b7f40074bba5cd3b] RESPONSE Quit
